,Year,value,indicator,Country Code,Country Name,Region,Income Group,Lending Type
0,2009,2309.5636373597,NY.GDP.PCAP.PP.CD,BGD,Bangladesh,South Asia,Lower middle income,IDA
1,2010,2439.0696271812,NY.GDP.PCAP.PP.CD,BGD,Bangladesh,South Asia,Lower middle income,IDA
2,2011,2620.8337904087,NY.GDP.PCAP.PP.CD,BGD,Bangladesh,South Asia,Lower middle income,IDA
3,2012,2937.6287981042,NY.GDP.PCAP.PP.CD,BGD,Bangladesh,South Asia,Lower middle income,IDA
4,2013,3143.5855027524,NY.GDP.PCAP.PP.CD,BGD,Bangladesh,South Asia,Lower middle income,IDA
5,2014,3368.0561640314,NY.GDP.PCAP.PP.CD,BGD,Bangladesh,South Asia,Lower middle income,IDA
6,2015,3555.505259706,NY.GDP.PCAP.PP.CD,BGD,Bangladesh,South Asia,Lower middle income,IDA
7,2016,3848.9576636919,NY.GDP.PCAP.PP.CD,BGD,Bangladesh,South Asia,Lower middle income,IDA
8,2017,4160.7033247153,NY.GDP.PCAP.PP.CD,BGD,Bangladesh,South Asia,Lower middle income,IDA
9,2018,4547.4800163879,NY.GDP.PCAP.PP.CD,BGD,Bangladesh,South Asia,Lower middle income,IDA
10,2019,4954.7618481258,NY.GDP.PCAP.PP.CD,BGD,Bangladesh,South Asia,Lower middle income,IDA
11,2020,5138.6532102868,NY.GDP.PCAP.PP.CD,BGD,Bangladesh,South Asia,Lower middle income,IDA
12,2009,13269.1221073249,NY.GDP.PCAP.PP.CD,BRA,Brazil,Latin America & Caribbean ,Upper middle income,IBRD
13,2010,14299.5551384925,NY.GDP.PCAP.PP.CD,BRA,Brazil,Latin America & Caribbean ,Upper middle income,IBRD
14,2011,15040.0610864372,NY.GDP.PCAP.PP.CD,BRA,Brazil,Latin America & Caribbean ,Upper middle income,IBRD
15,2012,15046.2901818178,NY.GDP.PCAP.PP.CD,BRA,Brazil,Latin America & Caribbean ,Upper middle income,IBRD
16,2013,15588.7261289147,NY.GDP.PCAP.PP.CD,BRA,Brazil,Latin America & Caribbean ,Upper middle income,IBRD
17,2014,15718.5649500141,NY.GDP.PCAP.PP.CD,BRA,Brazil,Latin America & Caribbean ,Upper middle income,IBRD
18,2015,14744.1136344695,NY.GDP.PCAP.PP.CD,BRA,Brazil,Latin America & Caribbean ,Upper middle income,IBRD
19,2016,14256.163385421,NY.GDP.PCAP.PP.CD,BRA,Brazil,Latin America & Caribbean ,Upper middle income,IBRD
20,2017,14524.6135408174,NY.GDP.PCAP.PP.CD,BRA,Brazil,Latin America & Caribbean ,Upper middle income,IBRD
21,2018,15020.4382238881,NY.GDP.PCAP.PP.CD,BRA,Brazil,Latin America & Caribbean ,Upper middle income,IBRD
22,2019,15388.234915991,NY.GDP.PCAP.PP.CD,BRA,Brazil,Latin America & Caribbean ,Upper middle income,IBRD
23,2020,14835.4149268998,NY.GDP.PCAP.PP.CD,BRA,Brazil,Latin America & Caribbean ,Upper middle income,IBRD
24,2009,8307.8495189643,NY.GDP.PCAP.PP.CD,CHN,China,East Asia & Pacific,Upper middle income,IBRD
25,2010,9253.7651877121,NY.GDP.PCAP.PP.CD,CHN,China,East Asia & Pacific,Upper middle income,IBRD
26,2011,10292.9404780675,NY.GDP.PCAP.PP.CD,CHN,China,East Asia & Pacific,Upper middle income,IBRD
27,2012,11168.6972979775,NY.GDP.PCAP.PP.CD,CHN,China,East Asia & Pacific,Upper middle income,IBRD
28,2013,11872.4973811617,NY.GDP.PCAP.PP.CD,CHN,China,East Asia & Pacific,Upper middle income,IBRD
29,2014,12480.3385303781,NY.GDP.PCAP.PP.CD,CHN,China,East Asia & Pacific,Upper middle income,IBRD
30,2015,12897.5022868592,NY.GDP.PCAP.PP.CD,CHN,China,East Asia & Pacific,Upper middle income,IBRD
31,2016,13483.3772665319,NY.GDP.PCAP.PP.CD,CHN,China,East Asia & Pacific,Upper middle income,IBRD
32,2017,14243.5326108491,NY.GDP.PCAP.PP.CD,CHN,China,East Asia & Pacific,Upper middle income,IBRD
33,2018,15497.3599948376,NY.GDP.PCAP.PP.CD,CHN,China,East Asia & Pacific,Upper middle income,IBRD
34,2019,16653.338843518,NY.GDP.PCAP.PP.CD,CHN,China,East Asia & Pacific,Upper middle income,IBRD
35,2020,17210.7648899624,NY.GDP.PCAP.PP.CD,CHN,China,East Asia & Pacific,Upper middle income,IBRD
36,2009,3912.4182114262,NY.GDP.PCAP.PP.CD,IND,India,South Asia,Lower middle income,IBRD
37,2010,4236.7443479487,NY.GDP.PCAP.PP.CD,IND,India,South Asia,Lower middle income,IBRD
38,2011,4493.6694656757,NY.GDP.PCAP.PP.CD,IND,India,South Asia,Lower middle income,IBRD
39,2012,4861.156152362,NY.GDP.PCAP.PP.CD,IND,India,South Asia,Lower middle income,IBRD
40,2013,5057.2334137482,NY.GDP.PCAP.PP.CD,IND,India,South Asia,Lower middle income,IBRD
41,2014,5233.8823425132,NY.GDP.PCAP.PP.CD,IND,India,South Asia,Lower middle income,IBRD
42,2015,5464.8591780094,NY.GDP.PCAP.PP.CD,IND,India,South Asia,Lower middle income,IBRD
43,2016,5839.8648167534,NY.GDP.PCAP.PP.CD,IND,India,South Asia,Lower middle income,IBRD
44,2017,6182.9221085744,NY.GDP.PCAP.PP.CD,IND,India,South Asia,Lower middle income,IBRD
45,2018,6675.3612941078,NY.GDP.PCAP.PP.CD,IND,India,South Asia,Lower middle income,IBRD
46,2019,6997.8639882408,NY.GDP.PCAP.PP.CD,IND,India,South Asia,Lower middle income,IBRD
47,2020,6503.9480543719,NY.GDP.PCAP.PP.CD,IND,India,South Asia,Lower middle income,IBRD
48,2009,8021.7480651122,NY.GDP.PCAP.PP.CD,IDN,Indonesia,East Asia & Pacific,Lower middle income,IBRD
49,2010,8505.7481480189,NY.GDP.PCAP.PP.CD,IDN,Indonesia,East Asia & Pacific,Lower middle income,IBRD
50,2011,9095.7417229551,NY.GDP.PCAP.PP.CD,IDN,Indonesia,East Asia & Pacific,Lower middle income,IBRD
51,2012,9713.9004873063,NY.GDP.PCAP.PP.CD,IDN,Indonesia,East Asia & Pacific,Lower middle income,IBRD
52,2013,10067.465744305,NY.GDP.PCAP.PP.CD,IDN,Indonesia,East Asia & Pacific,Lower middle income,IBRD
53,2014,10278.1773057998,NY.GDP.PCAP.PP.CD,IDN,Indonesia,East Asia & Pacific,Lower middle income,IBRD
54,2015,10247.2063381531,NY.GDP.PCAP.PP.CD,IDN,Indonesia,East Asia & Pacific,Lower middle income,IBRD
55,2016,10494.4738000481,NY.GDP.PCAP.PP.CD,IDN,Indonesia,East Asia & Pacific,Lower middle income,IBRD
56,2017,10935.6317158256,NY.GDP.PCAP.PP.CD,IDN,Indonesia,East Asia & Pacific,Lower middle income,IBRD
57,2018,11644.7585390353,NY.GDP.PCAP.PP.CD,IDN,Indonesia,East Asia & Pacific,Lower middle income,IBRD
58,2019,12311.5032732923,NY.GDP.PCAP.PP.CD,IDN,Indonesia,East Asia & Pacific,Lower middle income,IBRD
59,2020,12072.7354777743,NY.GDP.PCAP.PP.CD,IDN,Indonesia,East Asia & Pacific,Lower middle income,IBRD
60,2009,3868.7439423357,NY.GDP.PCAP.PP.CD,PAK,Pakistan,South Asia,Lower middle income,Blend
61,2010,3890.290618608,NY.GDP.PCAP.PP.CD,PAK,Pakistan,South Asia,Lower middle income,Blend
62,2011,3993.5593669876,NY.GDP.PCAP.PP.CD,PAK,Pakistan,South Asia,Lower middle income,Blend
63,2012,4018.7327373187,NY.GDP.PCAP.PP.CD,PAK,Pakistan,South Asia,Lower middle income,Blend
64,2013,4103.6295635188,NY.GDP.PCAP.PP.CD,PAK,Pakistan,South Asia,Lower middle income,Blend
65,2014,4238.6338674009,NY.GDP.PCAP.PP.CD,PAK,Pakistan,South Asia,Lower middle income,Blend
66,2015,4373.0144748822,NY.GDP.PCAP.PP.CD,PAK,Pakistan,South Asia,Lower middle income,Blend
67,2016,4410.0065649467,NY.GDP.PCAP.PP.CD,PAK,Pakistan,South Asia,Lower middle income,Blend
68,2017,4571.205078408,NY.GDP.PCAP.PP.CD,PAK,Pakistan,South Asia,Lower middle income,Blend
69,2018,4853.2665574025,NY.GDP.PCAP.PP.CD,PAK,Pakistan,South Asia,Lower middle income,Blend
70,2019,4896.3931450617,NY.GDP.PCAP.PP.CD,PAK,Pakistan,South Asia,Lower middle income,Blend
71,2020,4812.8898182096,NY.GDP.PCAP.PP.CD,PAK,Pakistan,South Asia,Lower middle income,Blend
72,2009,19389.9411762443,NY.GDP.PCAP.PP.CD,RUS,Russian Federation,Europe & Central Asia,Upper middle income,IBRD
73,2010,20490.1267193879,NY.GDP.PCAP.PP.CD,RUS,Russian Federation,Europe & Central Asia,Upper middle income,IBRD
74,2011,22798.6744273279,NY.GDP.PCAP.PP.CD,RUS,Russian Federation,Europe & Central Asia,Upper middle income,IBRD
75,2012,24303.4734145818,NY.GDP.PCAP.PP.CD,RUS,Russian Federation,Europe & Central Asia,Upper middle income,IBRD
76,2013,26073.8745307451,NY.GDP.PCAP.PP.CD,RUS,Russian Federation,Europe & Central Asia,Upper middle income,IBRD
77,2014,25761.6480209933,NY.GDP.PCAP.PP.CD,RUS,Russian Federation,Europe & Central Asia,Upper middle income,IBRD
78,2015,24085.3241847947,NY.GDP.PCAP.PP.CD,RUS,Russian Federation,Europe & Central Asia,Upper middle income,IBRD
79,2016,24128.0864065399,NY.GDP.PCAP.PP.CD,RUS,Russian Federation,Europe & Central Asia,Upper middle income,IBRD
80,2017,25926.4438539743,NY.GDP.PCAP.PP.CD,RUS,Russian Federation,Europe & Central Asia,Upper middle income,IBRD
81,2018,28821.2474490524,NY.GDP.PCAP.PP.CD,RUS,Russian Federation,Europe & Central Asia,Upper middle income,IBRD
82,2019,29967.1288518394,NY.GDP.PCAP.PP.CD,RUS,Russian Federation,Europe & Central Asia,Upper middle income,IBRD
83,2020,29812.2102548453,NY.GDP.PCAP.PP.CD,RUS,Russian Federation,Europe & Central Asia,Upper middle income,IBRD
84,2009,12568.453603784,NY.GDP.PCAP.PP.CD,ZAF,South Africa,Sub-Saharan Africa ,Upper middle income,IBRD
85,2010,12912.1250302392,NY.GDP.PCAP.PP.CD,ZAF,South Africa,Sub-Saharan Africa ,Upper middle income,IBRD
86,2011,13393.7668852316,NY.GDP.PCAP.PP.CD,ZAF,South Africa,Sub-Saharan Africa ,Upper middle income,IBRD
87,2012,13215.7086791394,NY.GDP.PCAP.PP.CD,ZAF,South Africa,Sub-Saharan Africa ,Upper middle income,IBRD
88,2013,13606.9428955207,NY.GDP.PCAP.PP.CD,ZAF,South Africa,Sub-Saharan Africa ,Upper middle income,IBRD
89,2014,13602.102642918,NY.GDP.PCAP.PP.CD,ZAF,South Africa,Sub-Saharan Africa ,Upper middle income,IBRD
90,2015,13701.9453895081,NY.GDP.PCAP.PP.CD,ZAF,South Africa,Sub-Saharan Africa ,Upper middle income,IBRD
91,2016,13748.4614158257,NY.GDP.PCAP.PP.CD,ZAF,South Africa,Sub-Saharan Africa ,Upper middle income,IBRD
92,2017,13860.2701664709,NY.GDP.PCAP.PP.CD,ZAF,South Africa,Sub-Saharan Africa ,Upper middle income,IBRD
93,2018,14209.0938333315,NY.GDP.PCAP.PP.CD,ZAF,South Africa,Sub-Saharan Africa ,Upper middle income,IBRD
94,2019,14289.7600030669,NY.GDP.PCAP.PP.CD,ZAF,South Africa,Sub-Saharan Africa ,Upper middle income,IBRD
95,2020,13360.5740081457,NY.GDP.PCAP.PP.CD,ZAF,South Africa,Sub-Saharan Africa ,Upper middle income,IBRD
96,2009,3952.7342408953,NY.GDP.PCAP.PP.CD,VNM,Vietnam,East Asia & Pacific,Lower middle income,IBRD
97,2010,4213.2957214597,NY.GDP.PCAP.PP.CD,VNM,Vietnam,East Asia & Pacific,Lower middle income,IBRD
98,2011,4523.2527276032,NY.GDP.PCAP.PP.CD,VNM,Vietnam,East Asia & Pacific,Lower middle income,IBRD
99,2012,5042.4811863999,NY.GDP.PCAP.PP.CD,VNM,Vietnam,East Asia & Pacific,Lower middle income,IBRD
100,2013,5358.9466369512,NY.GDP.PCAP.PP.CD,VNM,Vietnam,East Asia & Pacific,Lower middle income,IBRD
101,2014,5745.2052535134,NY.GDP.PCAP.PP.CD,VNM,Vietnam,East Asia & Pacific,Lower middle income,IBRD
102,2015,6102.6368690478,NY.GDP.PCAP.PP.CD,VNM,Vietnam,East Asia & Pacific,Lower middle income,IBRD
103,2016,6572.9762342062,NY.GDP.PCAP.PP.CD,VNM,Vietnam,East Asia & Pacific,Lower middle income,IBRD
104,2017,7155.4431870997,NY.GDP.PCAP.PP.CD,VNM,Vietnam,East Asia & Pacific,Lower middle income,IBRD
105,2018,7768.0802175204,NY.GDP.PCAP.PP.CD,VNM,Vietnam,East Asia & Pacific,Lower middle income,IBRD
106,2019,8381.2393196343,NY.GDP.PCAP.PP.CD,VNM,Vietnam,East Asia & Pacific,Lower middle income,IBRD
107,2020,8650.1334696046,NY.GDP.PCAP.PP.CD,VNM,Vietnam,East Asia & Pacific,Lower middle income,IBRD
108,2009,1.11866,GB.XPD.RSDV.GD.ZS,BRA,Brazil,Latin America & Caribbean ,Upper middle income,IBRD
109,2010,1.15992,GB.XPD.RSDV.GD.ZS,BRA,Brazil,Latin America & Caribbean ,Upper middle income,IBRD
110,2011,1.1396600000000001,GB.XPD.RSDV.GD.ZS,BRA,Brazil,Latin America & Caribbean ,Upper middle income,IBRD
111,2012,1.12684,GB.XPD.RSDV.GD.ZS,BRA,Brazil,Latin America & Caribbean ,Upper middle income,IBRD
112,2013,1.19567,GB.XPD.RSDV.GD.ZS,BRA,Brazil,Latin America & Caribbean ,Upper middle income,IBRD
113,2014,1.27131,GB.XPD.RSDV.GD.ZS,BRA,Brazil,Latin America & Caribbean ,Upper middle income,IBRD
114,2015,1.34264,GB.XPD.RSDV.GD.ZS,BRA,Brazil,Latin America & Caribbean ,Upper middle income,IBRD
115,2016,1.26343,GB.XPD.RSDV.GD.ZS,BRA,Brazil,Latin America & Caribbean ,Upper middle income,IBRD
116,2017,1.09392,GB.XPD.RSDV.GD.ZS,BRA,Brazil,Latin America & Caribbean ,Upper middle income,IBRD
117,2018,1.16038,GB.XPD.RSDV.GD.ZS,BRA,Brazil,Latin America & Caribbean ,Upper middle income,IBRD
118,2009,1.6648,GB.XPD.RSDV.GD.ZS,CHN,China,East Asia & Pacific,Upper middle income,IBRD
119,2010,1.71372,GB.XPD.RSDV.GD.ZS,CHN,China,East Asia & Pacific,Upper middle income,IBRD
120,2011,1.78034,GB.XPD.RSDV.GD.ZS,CHN,China,East Asia & Pacific,Upper middle income,IBRD
121,2012,1.91214,GB.XPD.RSDV.GD.ZS,CHN,China,East Asia & Pacific,Upper middle income,IBRD
122,2013,1.9978600000000002,GB.XPD.RSDV.GD.ZS,CHN,China,East Asia & Pacific,Upper middle income,IBRD
123,2014,2.02243,GB.XPD.RSDV.GD.ZS,CHN,China,East Asia & Pacific,Upper middle income,IBRD
124,2015,2.05701,GB.XPD.RSDV.GD.ZS,CHN,China,East Asia & Pacific,Upper middle income,IBRD
125,2016,2.10033,GB.XPD.RSDV.GD.ZS,CHN,China,East Asia & Pacific,Upper middle income,IBRD
126,2017,2.11603,GB.XPD.RSDV.GD.ZS,CHN,China,East Asia & Pacific,Upper middle income,IBRD
127,2018,2.14058,GB.XPD.RSDV.GD.ZS,CHN,China,East Asia & Pacific,Upper middle income,IBRD
128,2009,0.8331400000000001,GB.XPD.RSDV.GD.ZS,IND,India,South Asia,Lower middle income,IBRD
129,2010,0.78849,GB.XPD.RSDV.GD.ZS,IND,India,South Asia,Lower middle income,IBRD
130,2011,0.75502,GB.XPD.RSDV.GD.ZS,IND,India,South Asia,Lower middle income,IBRD
131,2012,0.74399,GB.XPD.RSDV.GD.ZS,IND,India,South Asia,Lower middle income,IBRD
132,2013,0.70642,GB.XPD.RSDV.GD.ZS,IND,India,South Asia,Lower middle income,IBRD
133,2014,0.70159,GB.XPD.RSDV.GD.ZS,IND,India,South Asia,Lower middle income,IBRD
134,2015,0.6931,GB.XPD.RSDV.GD.ZS,IND,India,South Asia,Lower middle income,IBRD
135,2016,0.6698400000000001,GB.XPD.RSDV.GD.ZS,IND,India,South Asia,Lower middle income,IBRD
136,2017,0.66571,GB.XPD.RSDV.GD.ZS,IND,India,South Asia,Lower middle income,IBRD
137,2018,0.6528200000000001,GB.XPD.RSDV.GD.ZS,IND,India,South Asia,Lower middle income,IBRD
138,2009,0.08332,GB.XPD.RSDV.GD.ZS,IDN,Indonesia,East Asia & Pacific,Lower middle income,IBRD
139,2013,0.0847,GB.XPD.RSDV.GD.ZS,IDN,Indonesia,East Asia & Pacific,Lower middle income,IBRD
140,2016,0.24535,GB.XPD.RSDV.GD.ZS,IDN,Indonesia,East Asia & Pacific,Lower middle income,IBRD
141,2017,0.23805,GB.XPD.RSDV.GD.ZS,IDN,Indonesia,East Asia & Pacific,Lower middle income,IBRD
142,2018,0.22633000000000003,GB.XPD.RSDV.GD.ZS,IDN,Indonesia,East Asia & Pacific,Lower middle income,IBRD
143,2009,0.44806,GB.XPD.RSDV.GD.ZS,PAK,Pakistan,South Asia,Lower middle income,Blend
144,2011,0.32917,GB.XPD.RSDV.GD.ZS,PAK,Pakistan,South Asia,Lower middle income,Blend
145,2013,0.29285,GB.XPD.RSDV.GD.ZS,PAK,Pakistan,South Asia,Lower middle income,Blend
146,2015,0.24605000000000002,GB.XPD.RSDV.GD.ZS,PAK,Pakistan,South Asia,Lower middle income,Blend
147,2017,0.23627,GB.XPD.RSDV.GD.ZS,PAK,Pakistan,South Asia,Lower middle income,Blend
148,2009,1.2519200000000001,GB.XPD.RSDV.GD.ZS,RUS,Russian Federation,Europe & Central Asia,Upper middle income,IBRD
149,2010,1.1302,GB.XPD.RSDV.GD.ZS,RUS,Russian Federation,Europe & Central Asia,Upper middle income,IBRD
150,2011,1.01545,GB.XPD.RSDV.GD.ZS,RUS,Russian Federation,Europe & Central Asia,Upper middle income,IBRD
151,2012,1.02766,GB.XPD.RSDV.GD.ZS,RUS,Russian Federation,Europe & Central Asia,Upper middle income,IBRD
152,2013,1.02732,GB.XPD.RSDV.GD.ZS,RUS,Russian Federation,Europe & Central Asia,Upper middle income,IBRD
153,2014,1.07241,GB.XPD.RSDV.GD.ZS,RUS,Russian Federation,Europe & Central Asia,Upper middle income,IBRD
154,2015,1.10085,GB.XPD.RSDV.GD.ZS,RUS,Russian Federation,Europe & Central Asia,Upper middle income,IBRD
155,2016,1.10238,GB.XPD.RSDV.GD.ZS,RUS,Russian Federation,Europe & Central Asia,Upper middle income,IBRD
156,2017,1.10967,GB.XPD.RSDV.GD.ZS,RUS,Russian Federation,Europe & Central Asia,Upper middle income,IBRD
157,2018,0.9827500000000001,GB.XPD.RSDV.GD.ZS,RUS,Russian Federation,Europe & Central Asia,Upper middle income,IBRD
158,2009,0.83562,GB.XPD.RSDV.GD.ZS,ZAF,South Africa,Sub-Saharan Africa ,Upper middle income,IBRD
159,2010,0.73704,GB.XPD.RSDV.GD.ZS,ZAF,South Africa,Sub-Saharan Africa ,Upper middle income,IBRD
160,2011,0.7345100000000001,GB.XPD.RSDV.GD.ZS,ZAF,South Africa,Sub-Saharan Africa ,Upper middle income,IBRD
161,2012,0.7336300000000001,GB.XPD.RSDV.GD.ZS,ZAF,South Africa,Sub-Saharan Africa ,Upper middle income,IBRD
162,2013,0.7248800000000001,GB.XPD.RSDV.GD.ZS,ZAF,South Africa,Sub-Saharan Africa ,Upper middle income,IBRD
163,2014,0.7711500000000001,GB.XPD.RSDV.GD.ZS,ZAF,South Africa,Sub-Saharan Africa ,Upper middle income,IBRD
164,2015,0.7984600000000001,GB.XPD.RSDV.GD.ZS,ZAF,South Africa,Sub-Saharan Africa ,Upper middle income,IBRD
165,2016,0.8188200000000001,GB.XPD.RSDV.GD.ZS,ZAF,South Africa,Sub-Saharan Africa ,Upper middle income,IBRD
166,2017,0.8321500000000001,GB.XPD.RSDV.GD.ZS,ZAF,South Africa,Sub-Saharan Africa ,Upper middle income,IBRD
167,2011,0.19044000000000003,GB.XPD.RSDV.GD.ZS,VNM,Vietnam,East Asia & Pacific,Lower middle income,IBRD
168,2013,0.37359000000000003,GB.XPD.RSDV.GD.ZS,VNM,Vietnam,East Asia & Pacific,Lower middle income,IBRD
169,2015,0.44113,GB.XPD.RSDV.GD.ZS,VNM,Vietnam,East Asia & Pacific,Lower middle income,IBRD
170,2017,0.5267400000000001,GB.XPD.RSDV.GD.ZS,VNM,Vietnam,East Asia & Pacific,Lower middle income,IBRD
171,2010,19.68,BAR.PRM.CMPT.5559.ZS,BGD,Bangladesh,South Asia,Lower middle income,IDA
172,2010,29.51,BAR.PRM.CMPT.5559.ZS,BRA,Brazil,Latin America & Caribbean ,Upper middle income,IBRD
173,2010,29.65,BAR.PRM.CMPT.5559.ZS,CHN,China,East Asia & Pacific,Upper middle income,IBRD
174,2010,10.94,BAR.PRM.CMPT.5559.ZS,IND,India,South Asia,Lower middle income,IBRD
175,2010,30.87,BAR.PRM.CMPT.5559.ZS,IDN,Indonesia,East Asia & Pacific,Lower middle income,IBRD
176,2010,9.85,BAR.PRM.CMPT.5559.ZS,PAK,Pakistan,South Asia,Lower middle income,Blend
177,2010,0.93,BAR.PRM.CMPT.5559.ZS,RUS,Russian Federation,Europe & Central Asia,Upper middle income,IBRD
178,2010,7.76,BAR.PRM.CMPT.5559.ZS,ZAF,South Africa,Sub-Saharan Africa ,Upper middle income,IBRD
179,2010,20.99,BAR.PRM.CMPT.5559.ZS,VNM,Vietnam,East Asia & Pacific,Lower middle income,IBRD
180,2009,4.6,SH.STA.SUIC.P5,BGD,Bangladesh,South Asia,Lower middle income,IDA
181,2010,4.4,SH.STA.SUIC.P5,BGD,Bangladesh,South Asia,Lower middle income,IDA
182,2011,4.0,SH.STA.SUIC.P5,BGD,Bangladesh,South Asia,Lower middle income,IDA
183,2012,3.7,SH.STA.SUIC.P5,BGD,Bangladesh,South Asia,Lower middle income,IDA
184,2013,3.5,SH.STA.SUIC.P5,BGD,Bangladesh,South Asia,Lower middle income,IDA
185,2014,3.5,SH.STA.SUIC.P5,BGD,Bangladesh,South Asia,Lower middle income,IDA
186,2015,3.4,SH.STA.SUIC.P5,BGD,Bangladesh,South Asia,Lower middle income,IDA
187,2016,3.4,SH.STA.SUIC.P5,BGD,Bangladesh,South Asia,Lower middle income,IDA
188,2017,3.5,SH.STA.SUIC.P5,BGD,Bangladesh,South Asia,Lower middle income,IDA
189,2018,3.6,SH.STA.SUIC.P5,BGD,Bangladesh,South Asia,Lower middle income,IDA
190,2019,3.7,SH.STA.SUIC.P5,BGD,Bangladesh,South Asia,Lower middle income,IDA
191,2009,5.1,SH.STA.SUIC.P5,BRA,Brazil,Latin America & Caribbean ,Upper middle income,IBRD
192,2010,5.0,SH.STA.SUIC.P5,BRA,Brazil,Latin America & Caribbean ,Upper middle income,IBRD
193,2011,5.2,SH.STA.SUIC.P5,BRA,Brazil,Latin America & Caribbean ,Upper middle income,IBRD
194,2012,5.4,SH.STA.SUIC.P5,BRA,Brazil,Latin America & Caribbean ,Upper middle income,IBRD
195,2013,5.6,SH.STA.SUIC.P5,BRA,Brazil,Latin America & Caribbean ,Upper middle income,IBRD
196,2014,5.6,SH.STA.SUIC.P5,BRA,Brazil,Latin America & Caribbean ,Upper middle income,IBRD
197,2015,5.9,SH.STA.SUIC.P5,BRA,Brazil,Latin America & Caribbean ,Upper middle income,IBRD
198,2016,6.0,SH.STA.SUIC.P5,BRA,Brazil,Latin America & Caribbean ,Upper middle income,IBRD
199,2017,6.6,SH.STA.SUIC.P5,BRA,Brazil,Latin America & Caribbean ,Upper middle income,IBRD
200,2018,7.0,SH.STA.SUIC.P5,BRA,Brazil,Latin America & Caribbean ,Upper middle income,IBRD
201,2019,6.9,SH.STA.SUIC.P5,BRA,Brazil,Latin America & Caribbean ,Upper middle income,IBRD
202,2009,10.7,SH.STA.SUIC.P5,CHN,China,East Asia & Pacific,Upper middle income,IBRD
203,2010,10.2,SH.STA.SUIC.P5,CHN,China,East Asia & Pacific,Upper middle income,IBRD
204,2011,9.6,SH.STA.SUIC.P5,CHN,China,East Asia & Pacific,Upper middle income,IBRD
205,2012,9.0,SH.STA.SUIC.P5,CHN,China,East Asia & Pacific,Upper middle income,IBRD
206,2013,8.6,SH.STA.SUIC.P5,CHN,China,East Asia & Pacific,Upper middle income,IBRD
207,2014,8.4,SH.STA.SUIC.P5,CHN,China,East Asia & Pacific,Upper middle income,IBRD
208,2015,8.1,SH.STA.SUIC.P5,CHN,China,East Asia & Pacific,Upper middle income,IBRD
209,2016,8.2,SH.STA.SUIC.P5,CHN,China,East Asia & Pacific,Upper middle income,IBRD
210,2017,8.1,SH.STA.SUIC.P5,CHN,China,East Asia & Pacific,Upper middle income,IBRD
211,2018,8.1,SH.STA.SUIC.P5,CHN,China,East Asia & Pacific,Upper middle income,IBRD
212,2019,8.1,SH.STA.SUIC.P5,CHN,China,East Asia & Pacific,Upper middle income,IBRD
213,2009,14.5,SH.STA.SUIC.P5,IND,India,South Asia,Lower middle income,IBRD
214,2010,14.6,SH.STA.SUIC.P5,IND,India,South Asia,Lower middle income,IBRD
215,2011,14.7,SH.STA.SUIC.P5,IND,India,South Asia,Lower middle income,IBRD
216,2012,14.3,SH.STA.SUIC.P5,IND,India,South Asia,Lower middle income,IBRD
217,2013,13.7,SH.STA.SUIC.P5,IND,India,South Asia,Lower middle income,IBRD
218,2014,12.8,SH.STA.SUIC.P5,IND,India,South Asia,Lower middle income,IBRD
219,2015,12.3,SH.STA.SUIC.P5,IND,India,South Asia,Lower middle income,IBRD
220,2016,12.1,SH.STA.SUIC.P5,IND,India,South Asia,Lower middle income,IBRD
221,2017,12.0,SH.STA.SUIC.P5,IND,India,South Asia,Lower middle income,IBRD
222,2018,12.6,SH.STA.SUIC.P5,IND,India,South Asia,Lower middle income,IBRD
223,2019,12.7,SH.STA.SUIC.P5,IND,India,South Asia,Lower middle income,IBRD
224,2009,2.7,SH.STA.SUIC.P5,IDN,Indonesia,East Asia & Pacific,Lower middle income,IBRD
225,2010,2.6,SH.STA.SUIC.P5,IDN,Indonesia,East Asia & Pacific,Lower middle income,IBRD
226,2011,2.6,SH.STA.SUIC.P5,IDN,Indonesia,East Asia & Pacific,Lower middle income,IBRD
227,2012,2.5,SH.STA.SUIC.P5,IDN,Indonesia,East Asia & Pacific,Lower middle income,IBRD
228,2013,2.5,SH.STA.SUIC.P5,IDN,Indonesia,East Asia & Pacific,Lower middle income,IBRD
229,2014,2.4,SH.STA.SUIC.P5,IDN,Indonesia,East Asia & Pacific,Lower middle income,IBRD
230,2015,2.4,SH.STA.SUIC.P5,IDN,Indonesia,East Asia & Pacific,Lower middle income,IBRD
231,2016,2.4,SH.STA.SUIC.P5,IDN,Indonesia,East Asia & Pacific,Lower middle income,IBRD
232,2017,2.4,SH.STA.SUIC.P5,IDN,Indonesia,East Asia & Pacific,Lower middle income,IBRD
233,2018,2.4,SH.STA.SUIC.P5,IDN,Indonesia,East Asia & Pacific,Lower middle income,IBRD
234,2019,2.4,SH.STA.SUIC.P5,IDN,Indonesia,East Asia & Pacific,Lower middle income,IBRD
235,2009,8.8,SH.STA.SUIC.P5,PAK,Pakistan,South Asia,Lower middle income,Blend
236,2010,8.8,SH.STA.SUIC.P5,PAK,Pakistan,South Asia,Lower middle income,Blend
237,2011,8.7,SH.STA.SUIC.P5,PAK,Pakistan,South Asia,Lower middle income,Blend
238,2012,8.8,SH.STA.SUIC.P5,PAK,Pakistan,South Asia,Lower middle income,Blend
239,2013,8.9,SH.STA.SUIC.P5,PAK,Pakistan,South Asia,Lower middle income,Blend
240,2014,8.9,SH.STA.SUIC.P5,PAK,Pakistan,South Asia,Lower middle income,Blend
241,2015,9.0,SH.STA.SUIC.P5,PAK,Pakistan,South Asia,Lower middle income,Blend
242,2016,9.1,SH.STA.SUIC.P5,PAK,Pakistan,South Asia,Lower middle income,Blend
243,2017,9.1,SH.STA.SUIC.P5,PAK,Pakistan,South Asia,Lower middle income,Blend
244,2018,8.9,SH.STA.SUIC.P5,PAK,Pakistan,South Asia,Lower middle income,Blend
245,2019,8.9,SH.STA.SUIC.P5,PAK,Pakistan,South Asia,Lower middle income,Blend
246,2009,38.4,SH.STA.SUIC.P5,RUS,Russian Federation,Europe & Central Asia,Upper middle income,IBRD
247,2010,38.1,SH.STA.SUIC.P5,RUS,Russian Federation,Europe & Central Asia,Upper middle income,IBRD
248,2011,35.9,SH.STA.SUIC.P5,RUS,Russian Federation,Europe & Central Asia,Upper middle income,IBRD
249,2012,34.4,SH.STA.SUIC.P5,RUS,Russian Federation,Europe & Central Asia,Upper middle income,IBRD
250,2013,33.5,SH.STA.SUIC.P5,RUS,Russian Federation,Europe & Central Asia,Upper middle income,IBRD
251,2014,33.8,SH.STA.SUIC.P5,RUS,Russian Federation,Europe & Central Asia,Upper middle income,IBRD
252,2015,32.0,SH.STA.SUIC.P5,RUS,Russian Federation,Europe & Central Asia,Upper middle income,IBRD
253,2016,31.0,SH.STA.SUIC.P5,RUS,Russian Federation,Europe & Central Asia,Upper middle income,IBRD
254,2017,28.2,SH.STA.SUIC.P5,RUS,Russian Federation,Europe & Central Asia,Upper middle income,IBRD
255,2018,27.1,SH.STA.SUIC.P5,RUS,Russian Federation,Europe & Central Asia,Upper middle income,IBRD
256,2019,25.1,SH.STA.SUIC.P5,RUS,Russian Federation,Europe & Central Asia,Upper middle income,IBRD
257,2009,26.7,SH.STA.SUIC.P5,ZAF,South Africa,Sub-Saharan Africa ,Upper middle income,IBRD
258,2010,24.6,SH.STA.SUIC.P5,ZAF,South Africa,Sub-Saharan Africa ,Upper middle income,IBRD
259,2011,22.4,SH.STA.SUIC.P5,ZAF,South Africa,Sub-Saharan Africa ,Upper middle income,IBRD
260,2012,22.9,SH.STA.SUIC.P5,ZAF,South Africa,Sub-Saharan Africa ,Upper middle income,IBRD
261,2013,23.7,SH.STA.SUIC.P5,ZAF,South Africa,Sub-Saharan Africa ,Upper middle income,IBRD
262,2014,24.1,SH.STA.SUIC.P5,ZAF,South Africa,Sub-Saharan Africa ,Upper middle income,IBRD
263,2015,24.5,SH.STA.SUIC.P5,ZAF,South Africa,Sub-Saharan Africa ,Upper middle income,IBRD
264,2016,24.4,SH.STA.SUIC.P5,ZAF,South Africa,Sub-Saharan Africa ,Upper middle income,IBRD
265,2017,25.2,SH.STA.SUIC.P5,ZAF,South Africa,Sub-Saharan Africa ,Upper middle income,IBRD
266,2018,24.1,SH.STA.SUIC.P5,ZAF,South Africa,Sub-Saharan Africa ,Upper middle income,IBRD
267,2019,23.5,SH.STA.SUIC.P5,ZAF,South Africa,Sub-Saharan Africa ,Upper middle income,IBRD
268,2009,6.9,SH.STA.SUIC.P5,VNM,Vietnam,East Asia & Pacific,Lower middle income,IBRD
269,2010,7.0,SH.STA.SUIC.P5,VNM,Vietnam,East Asia & Pacific,Lower middle income,IBRD
270,2011,7.2,SH.STA.SUIC.P5,VNM,Vietnam,East Asia & Pacific,Lower middle income,IBRD
271,2012,7.4,SH.STA.SUIC.P5,VNM,Vietnam,East Asia & Pacific,Lower middle income,IBRD
272,2013,7.5,SH.STA.SUIC.P5,VNM,Vietnam,East Asia & Pacific,Lower middle income,IBRD
273,2014,7.6,SH.STA.SUIC.P5,VNM,Vietnam,East Asia & Pacific,Lower middle income,IBRD
274,2015,7.7,SH.STA.SUIC.P5,VNM,Vietnam,East Asia & Pacific,Lower middle income,IBRD
275,2016,7.7,SH.STA.SUIC.P5,VNM,Vietnam,East Asia & Pacific,Lower middle income,IBRD
276,2017,7.7,SH.STA.SUIC.P5,VNM,Vietnam,East Asia & Pacific,Lower middle income,IBRD
277,2018,7.6,SH.STA.SUIC.P5,VNM,Vietnam,East Asia & Pacific,Lower middle income,IBRD
278,2019,7.5,SH.STA.SUIC.P5,VNM,Vietnam,East Asia & Pacific,Lower middle income,IBRD
279,2010,59.4311989455,SH.DTH.NCOM.ZS,BGD,Bangladesh,South Asia,Lower middle income,IDA
280,2015,63.7038514844,SH.DTH.NCOM.ZS,BGD,Bangladesh,South Asia,Lower middle income,IDA
281,2019,70.2556717831,SH.DTH.NCOM.ZS,BGD,Bangladesh,South Asia,Lower middle income,IDA
282,2010,73.0184281962,SH.DTH.NCOM.ZS,BRA,Brazil,Latin America & Caribbean ,Upper middle income,IBRD
283,2015,73.3698553413,SH.DTH.NCOM.ZS,BRA,Brazil,Latin America & Caribbean ,Upper middle income,IBRD
284,2019,74.7376983511,SH.DTH.NCOM.ZS,BRA,Brazil,Latin America & Caribbean ,Upper middle income,IBRD
285,2010,86.4467666901,SH.DTH.NCOM.ZS,CHN,China,East Asia & Pacific,Upper middle income,IBRD
286,2015,88.3413091635,SH.DTH.NCOM.ZS,CHN,China,East Asia & Pacific,Upper middle income,IBRD
287,2019,89.6330763011,SH.DTH.NCOM.ZS,CHN,China,East Asia & Pacific,Upper middle income,IBRD
288,2010,54.7948740551,SH.DTH.NCOM.ZS,IND,India,South Asia,Lower middle income,IBRD
289,2015,62.0429531404,SH.DTH.NCOM.ZS,IND,India,South Asia,Lower middle income,IBRD
290,2019,65.9332019455,SH.DTH.NCOM.ZS,IND,India,South Asia,Lower middle income,IBRD
291,2010,69.0694680237,SH.DTH.NCOM.ZS,IDN,Indonesia,East Asia & Pacific,Lower middle income,IBRD
292,2015,73.071375254,SH.DTH.NCOM.ZS,IDN,Indonesia,East Asia & Pacific,Lower middle income,IBRD
293,2019,76.326425688,SH.DTH.NCOM.ZS,IDN,Indonesia,East Asia & Pacific,Lower middle income,IBRD
294,2010,53.0217057656,SH.DTH.NCOM.ZS,PAK,Pakistan,South Asia,Lower middle income,Blend
295,2015,56.7799413925,SH.DTH.NCOM.ZS,PAK,Pakistan,South Asia,Lower middle income,Blend
296,2019,59.8558675161,SH.DTH.NCOM.ZS,PAK,Pakistan,South Asia,Lower middle income,Blend
297,2010,86.3387714395,SH.DTH.NCOM.ZS,RUS,Russian Federation,Europe & Central Asia,Upper middle income,IBRD
298,2015,87.6423258538,SH.DTH.NCOM.ZS,RUS,Russian Federation,Europe & Central Asia,Upper middle income,IBRD
299,2019,89.3053298874,SH.DTH.NCOM.ZS,RUS,Russian Federation,Europe & Central Asia,Upper middle income,IBRD
300,2010,40.814196508,SH.DTH.NCOM.ZS,ZAF,South Africa,Sub-Saharan Africa ,Upper middle income,IBRD
301,2015,50.3104679515,SH.DTH.NCOM.ZS,ZAF,South Africa,Sub-Saharan Africa ,Upper middle income,IBRD
302,2019,51.3300565987,SH.DTH.NCOM.ZS,ZAF,South Africa,Sub-Saharan Africa ,Upper middle income,IBRD
303,2010,78.4023051501,SH.DTH.NCOM.ZS,VNM,Vietnam,East Asia & Pacific,Lower middle income,IBRD
304,2015,80.4074337526,SH.DTH.NCOM.ZS,VNM,Vietnam,East Asia & Pacific,Lower middle income,IBRD
305,2019,81.3665708336,SH.DTH.NCOM.ZS,VNM,Vietnam,East Asia & Pacific,Lower middle income,IBRD
306,2009,6.6934014142,NV.IND.MANF.KD.ZG,BGD,Bangladesh,South Asia,Lower middle income,IDA
307,2010,6.6467657289,NV.IND.MANF.KD.ZG,BGD,Bangladesh,South Asia,Lower middle income,IDA
308,2011,10.013385418,NV.IND.MANF.KD.ZG,BGD,Bangladesh,South Asia,Lower middle income,IDA
309,2012,9.9552162482,NV.IND.MANF.KD.ZG,BGD,Bangladesh,South Asia,Lower middle income,IDA
310,2013,10.3068902017,NV.IND.MANF.KD.ZG,BGD,Bangladesh,South Asia,Lower middle income,IDA
311,2014,8.7667570213,NV.IND.MANF.KD.ZG,BGD,Bangladesh,South Asia,Lower middle income,IDA
312,2015,10.3105768686,NV.IND.MANF.KD.ZG,BGD,Bangladesh,South Asia,Lower middle income,IDA
313,2016,11.690815201,NV.IND.MANF.KD.ZG,BGD,Bangladesh,South Asia,Lower middle income,IDA
314,2017,10.9652075941,NV.IND.MANF.KD.ZG,BGD,Bangladesh,South Asia,Lower middle income,IDA
315,2018,13.4021489109,NV.IND.MANF.KD.ZG,BGD,Bangladesh,South Asia,Lower middle income,IDA
316,2019,14.2006446691,NV.IND.MANF.KD.ZG,BGD,Bangladesh,South Asia,Lower middle income,IDA
317,2020,1.7998351540000002,NV.IND.MANF.KD.ZG,BGD,Bangladesh,South Asia,Lower middle income,IDA
318,2009,-9.2639562335,NV.IND.MANF.KD.ZG,BRA,Brazil,Latin America & Caribbean ,Upper middle income,IBRD
319,2010,9.1900349313,NV.IND.MANF.KD.ZG,BRA,Brazil,Latin America & Caribbean ,Upper middle income,IBRD
320,2011,2.2471841926,NV.IND.MANF.KD.ZG,BRA,Brazil,Latin America & Caribbean ,Upper middle income,IBRD
321,2012,-2.3786901013,NV.IND.MANF.KD.ZG,BRA,Brazil,Latin America & Caribbean ,Upper middle income,IBRD
322,2013,3.013301013,NV.IND.MANF.KD.ZG,BRA,Brazil,Latin America & Caribbean ,Upper middle income,IBRD
323,2014,-4.6870329836,NV.IND.MANF.KD.ZG,BRA,Brazil,Latin America & Caribbean ,Upper middle income,IBRD
324,2015,-8.4842712128,NV.IND.MANF.KD.ZG,BRA,Brazil,Latin America & Caribbean ,Upper middle income,IBRD
325,2016,-4.7670228737,NV.IND.MANF.KD.ZG,BRA,Brazil,Latin America & Caribbean ,Upper middle income,IBRD
326,2017,2.3095419068,NV.IND.MANF.KD.ZG,BRA,Brazil,Latin America & Caribbean ,Upper middle income,IBRD
327,2018,1.3927955335,NV.IND.MANF.KD.ZG,BRA,Brazil,Latin America & Caribbean ,Upper middle income,IBRD
328,2019,-0.0355153588,NV.IND.MANF.KD.ZG,BRA,Brazil,Latin America & Caribbean ,Upper middle income,IBRD
329,2020,-4.2716090472,NV.IND.MANF.KD.ZG,BRA,Brazil,Latin America & Caribbean ,Upper middle income,IBRD
330,2009,10.967629778300001,NV.IND.MANF.KD.ZG,IND,India,South Asia,Lower middle income,IBRD
331,2010,7.695106465,NV.IND.MANF.KD.ZG,IND,India,South Asia,Lower middle income,IBRD
332,2011,3.1250562393,NV.IND.MANF.KD.ZG,IND,India,South Asia,Lower middle income,IBRD
333,2012,5.453083306,NV.IND.MANF.KD.ZG,IND,India,South Asia,Lower middle income,IBRD
334,2013,4.9658474401,NV.IND.MANF.KD.ZG,IND,India,South Asia,Lower middle income,IBRD
335,2014,7.8956697658,NV.IND.MANF.KD.ZG,IND,India,South Asia,Lower middle income,IBRD
336,2015,13.0593935819,NV.IND.MANF.KD.ZG,IND,India,South Asia,Lower middle income,IBRD
337,2016,7.9268214209,NV.IND.MANF.KD.ZG,IND,India,South Asia,Lower middle income,IBRD
338,2017,7.5270636029,NV.IND.MANF.KD.ZG,IND,India,South Asia,Lower middle income,IBRD
339,2018,5.2791803812,NV.IND.MANF.KD.ZG,IND,India,South Asia,Lower middle income,IBRD
340,2019,-2.4351454524,NV.IND.MANF.KD.ZG,IND,India,South Asia,Lower middle income,IBRD
341,2020,-7.1540894199,NV.IND.MANF.KD.ZG,IND,India,South Asia,Lower middle income,IBRD
342,2009,2.2120630144,NV.IND.MANF.KD.ZG,IDN,Indonesia,East Asia & Pacific,Lower middle income,IBRD
343,2010,4.7416736464,NV.IND.MANF.KD.ZG,IDN,Indonesia,East Asia & Pacific,Lower middle income,IBRD
344,2011,6.2594958833,NV.IND.MANF.KD.ZG,IDN,Indonesia,East Asia & Pacific,Lower middle income,IBRD
345,2012,5.6197758938,NV.IND.MANF.KD.ZG,IDN,Indonesia,East Asia & Pacific,Lower middle income,IBRD
346,2013,4.3689044186,NV.IND.MANF.KD.ZG,IDN,Indonesia,East Asia & Pacific,Lower middle income,IBRD
347,2014,4.6442759294,NV.IND.MANF.KD.ZG,IDN,Indonesia,East Asia & Pacific,Lower middle income,IBRD
348,2015,4.3293088816,NV.IND.MANF.KD.ZG,IDN,Indonesia,East Asia & Pacific,Lower middle income,IBRD
349,2016,4.2565152151,NV.IND.MANF.KD.ZG,IDN,Indonesia,East Asia & Pacific,Lower middle income,IBRD
350,2017,4.2932317783,NV.IND.MANF.KD.ZG,IDN,Indonesia,East Asia & Pacific,Lower middle income,IBRD
351,2018,4.2740075535,NV.IND.MANF.KD.ZG,IDN,Indonesia,East Asia & Pacific,Lower middle income,IBRD
352,2019,3.7977842664,NV.IND.MANF.KD.ZG,IDN,Indonesia,East Asia & Pacific,Lower middle income,IBRD
353,2020,-2.9318067397,NV.IND.MANF.KD.ZG,IDN,Indonesia,East Asia & Pacific,Lower middle income,IBRD
354,2009,-4.1759775403,NV.IND.MANF.KD.ZG,PAK,Pakistan,South Asia,Lower middle income,Blend
355,2010,1.3716760206,NV.IND.MANF.KD.ZG,PAK,Pakistan,South Asia,Lower middle income,Blend
356,2011,2.4999102044,NV.IND.MANF.KD.ZG,PAK,Pakistan,South Asia,Lower middle income,Blend
357,2012,2.0845234787,NV.IND.MANF.KD.ZG,PAK,Pakistan,South Asia,Lower middle income,Blend
358,2013,4.8452505448,NV.IND.MANF.KD.ZG,PAK,Pakistan,South Asia,Lower middle income,Blend
359,2014,5.6489247087,NV.IND.MANF.KD.ZG,PAK,Pakistan,South Asia,Lower middle income,Blend
360,2015,3.8848882496,NV.IND.MANF.KD.ZG,PAK,Pakistan,South Asia,Lower middle income,Blend
361,2016,3.6858437377,NV.IND.MANF.KD.ZG,PAK,Pakistan,South Asia,Lower middle income,Blend
362,2017,5.8269452981,NV.IND.MANF.KD.ZG,PAK,Pakistan,South Asia,Lower middle income,Blend
363,2018,5.4273936574,NV.IND.MANF.KD.ZG,PAK,Pakistan,South Asia,Lower middle income,Blend
364,2019,-0.6869466347000001,NV.IND.MANF.KD.ZG,PAK,Pakistan,South Asia,Lower middle income,Blend
365,2020,-7.386286441,NV.IND.MANF.KD.ZG,PAK,Pakistan,South Asia,Lower middle income,Blend
366,2009,-14.6159124831,NV.IND.MANF.KD.ZG,RUS,Russian Federation,Europe & Central Asia,Upper middle income,IBRD
367,2010,8.6085722324,NV.IND.MANF.KD.ZG,RUS,Russian Federation,Europe & Central Asia,Upper middle income,IBRD
368,2011,8.5905824857,NV.IND.MANF.KD.ZG,RUS,Russian Federation,Europe & Central Asia,Upper middle income,IBRD
369,2012,5.1847321833,NV.IND.MANF.KD.ZG,RUS,Russian Federation,Europe & Central Asia,Upper middle income,IBRD
370,2013,1.4053564346,NV.IND.MANF.KD.ZG,RUS,Russian Federation,Europe & Central Asia,Upper middle income,IBRD
371,2014,0.7619741,NV.IND.MANF.KD.ZG,RUS,Russian Federation,Europe & Central Asia,Upper middle income,IBRD
372,2015,-0.9154517915,NV.IND.MANF.KD.ZG,RUS,Russian Federation,Europe & Central Asia,Upper middle income,IBRD
373,2016,1.086466454,NV.IND.MANF.KD.ZG,RUS,Russian Federation,Europe & Central Asia,Upper middle income,IBRD
374,2017,4.3859899732,NV.IND.MANF.KD.ZG,RUS,Russian Federation,Europe & Central Asia,Upper middle income,IBRD
375,2018,3.9622548178,NV.IND.MANF.KD.ZG,RUS,Russian Federation,Europe & Central Asia,Upper middle income,IBRD
376,2019,2.7699990837,NV.IND.MANF.KD.ZG,RUS,Russian Federation,Europe & Central Asia,Upper middle income,IBRD
377,2020,-0.025007471200000003,NV.IND.MANF.KD.ZG,RUS,Russian Federation,Europe & Central Asia,Upper middle income,IBRD
378,2009,-10.6269670953,NV.IND.MANF.KD.ZG,ZAF,South Africa,Sub-Saharan Africa ,Upper middle income,IBRD
379,2010,5.9073328012,NV.IND.MANF.KD.ZG,ZAF,South Africa,Sub-Saharan Africa ,Upper middle income,IBRD
380,2011,3.034018595,NV.IND.MANF.KD.ZG,ZAF,South Africa,Sub-Saharan Africa ,Upper middle income,IBRD
381,2012,2.0964494109,NV.IND.MANF.KD.ZG,ZAF,South Africa,Sub-Saharan Africa ,Upper middle income,IBRD
382,2013,1.0184754354,NV.IND.MANF.KD.ZG,ZAF,South Africa,Sub-Saharan Africa ,Upper middle income,IBRD
383,2014,-0.6452261969,NV.IND.MANF.KD.ZG,ZAF,South Africa,Sub-Saharan Africa ,Upper middle income,IBRD
384,2015,-0.18539924430000002,NV.IND.MANF.KD.ZG,ZAF,South Africa,Sub-Saharan Africa ,Upper middle income,IBRD
385,2016,0.4494731536,NV.IND.MANF.KD.ZG,ZAF,South Africa,Sub-Saharan Africa ,Upper middle income,IBRD
386,2017,-0.1883645932,NV.IND.MANF.KD.ZG,ZAF,South Africa,Sub-Saharan Africa ,Upper middle income,IBRD
387,2018,1.9993542968,NV.IND.MANF.KD.ZG,ZAF,South Africa,Sub-Saharan Africa ,Upper middle income,IBRD
388,2019,-1.1624415042,NV.IND.MANF.KD.ZG,ZAF,South Africa,Sub-Saharan Africa ,Upper middle income,IBRD
389,2020,-12.3265644613,NV.IND.MANF.KD.ZG,ZAF,South Africa,Sub-Saharan Africa ,Upper middle income,IBRD
390,2009,2.7621561321,NV.IND.MANF.KD.ZG,VNM,Vietnam,East Asia & Pacific,Lower middle income,IBRD
391,2010,-21.8387588657,NV.IND.MANF.KD.ZG,VNM,Vietnam,East Asia & Pacific,Lower middle income,IBRD
392,2011,14.0786082474,NV.IND.MANF.KD.ZG,VNM,Vietnam,East Asia & Pacific,Lower middle income,IBRD
393,2012,9.0473500894,NV.IND.MANF.KD.ZG,VNM,Vietnam,East Asia & Pacific,Lower middle income,IBRD
394,2013,7.2150620247,NV.IND.MANF.KD.ZG,VNM,Vietnam,East Asia & Pacific,Lower middle income,IBRD
395,2014,7.4061251164,NV.IND.MANF.KD.ZG,VNM,Vietnam,East Asia & Pacific,Lower middle income,IBRD
396,2015,10.5999120422,NV.IND.MANF.KD.ZG,VNM,Vietnam,East Asia & Pacific,Lower middle income,IBRD
397,2016,11.9000388602,NV.IND.MANF.KD.ZG,VNM,Vietnam,East Asia & Pacific,Lower middle income,IBRD
398,2017,14.4000500724,NV.IND.MANF.KD.ZG,VNM,Vietnam,East Asia & Pacific,Lower middle income,IBRD
399,2018,12.9840241156,NV.IND.MANF.KD.ZG,VNM,Vietnam,East Asia & Pacific,Lower middle income,IBRD
400,2019,11.2899345801,NV.IND.MANF.KD.ZG,VNM,Vietnam,East Asia & Pacific,Lower middle income,IBRD
401,2020,5.8240121721,NV.IND.MANF.KD.ZG,VNM,Vietnam,East Asia & Pacific,Lower middle income,IBRD
402,2009,69.485,SP.DYN.LE00.IN,BGD,Bangladesh,South Asia,Lower middle income,IDA
403,2010,69.881,SP.DYN.LE00.IN,BGD,Bangladesh,South Asia,Lower middle income,IDA
404,2011,70.256,SP.DYN.LE00.IN,BGD,Bangladesh,South Asia,Lower middle income,IDA
405,2012,70.606,SP.DYN.LE00.IN,BGD,Bangladesh,South Asia,Lower middle income,IDA
406,2013,70.93,SP.DYN.LE00.IN,BGD,Bangladesh,South Asia,Lower middle income,IDA
407,2014,71.231,SP.DYN.LE00.IN,BGD,Bangladesh,South Asia,Lower middle income,IDA
408,2015,71.514,SP.DYN.LE00.IN,BGD,Bangladesh,South Asia,Lower middle income,IDA
409,2016,71.785,SP.DYN.LE00.IN,BGD,Bangladesh,South Asia,Lower middle income,IDA
410,2017,72.052,SP.DYN.LE00.IN,BGD,Bangladesh,South Asia,Lower middle income,IDA
411,2018,72.32,SP.DYN.LE00.IN,BGD,Bangladesh,South Asia,Lower middle income,IDA
412,2019,72.591,SP.DYN.LE00.IN,BGD,Bangladesh,South Asia,Lower middle income,IDA
413,2020,72.868,SP.DYN.LE00.IN,BGD,Bangladesh,South Asia,Lower middle income,IDA
414,2009,73.3,SP.DYN.LE00.IN,BRA,Brazil,Latin America & Caribbean ,Upper middle income,IBRD
415,2010,73.619,SP.DYN.LE00.IN,BRA,Brazil,Latin America & Caribbean ,Upper middle income,IBRD
416,2011,73.921,SP.DYN.LE00.IN,BRA,Brazil,Latin America & Caribbean ,Upper middle income,IBRD
417,2012,74.209,SP.DYN.LE00.IN,BRA,Brazil,Latin America & Caribbean ,Upper middle income,IBRD
418,2013,74.483,SP.DYN.LE00.IN,BRA,Brazil,Latin America & Caribbean ,Upper middle income,IBRD
419,2014,74.745,SP.DYN.LE00.IN,BRA,Brazil,Latin America & Caribbean ,Upper middle income,IBRD
420,2015,74.994,SP.DYN.LE00.IN,BRA,Brazil,Latin America & Caribbean ,Upper middle income,IBRD
421,2016,75.23,SP.DYN.LE00.IN,BRA,Brazil,Latin America & Caribbean ,Upper middle income,IBRD
422,2017,75.456,SP.DYN.LE00.IN,BRA,Brazil,Latin America & Caribbean ,Upper middle income,IBRD
423,2018,75.672,SP.DYN.LE00.IN,BRA,Brazil,Latin America & Caribbean ,Upper middle income,IBRD
424,2019,75.881,SP.DYN.LE00.IN,BRA,Brazil,Latin America & Caribbean ,Upper middle income,IBRD
425,2020,76.084,SP.DYN.LE00.IN,BRA,Brazil,Latin America & Caribbean ,Upper middle income,IBRD
426,2009,74.119,SP.DYN.LE00.IN,CHN,China,East Asia & Pacific,Upper middle income,IBRD
427,2010,74.409,SP.DYN.LE00.IN,CHN,China,East Asia & Pacific,Upper middle income,IBRD
428,2011,74.708,SP.DYN.LE00.IN,CHN,China,East Asia & Pacific,Upper middle income,IBRD
429,2012,75.013,SP.DYN.LE00.IN,CHN,China,East Asia & Pacific,Upper middle income,IBRD
430,2013,75.321,SP.DYN.LE00.IN,CHN,China,East Asia & Pacific,Upper middle income,IBRD
431,2014,75.629,SP.DYN.LE00.IN,CHN,China,East Asia & Pacific,Upper middle income,IBRD
432,2015,75.928,SP.DYN.LE00.IN,CHN,China,East Asia & Pacific,Upper middle income,IBRD
433,2016,76.21,SP.DYN.LE00.IN,CHN,China,East Asia & Pacific,Upper middle income,IBRD
434,2017,76.47,SP.DYN.LE00.IN,CHN,China,East Asia & Pacific,Upper middle income,IBRD
435,2018,76.704,SP.DYN.LE00.IN,CHN,China,East Asia & Pacific,Upper middle income,IBRD
436,2019,76.912,SP.DYN.LE00.IN,CHN,China,East Asia & Pacific,Upper middle income,IBRD
437,2020,77.1276341463,SP.DYN.LE00.IN,CHN,China,East Asia & Pacific,Upper middle income,IBRD
438,2009,66.244,SP.DYN.LE00.IN,IND,India,South Asia,Lower middle income,IBRD
439,2010,66.693,SP.DYN.LE00.IN,IND,India,South Asia,Lower middle income,IBRD
440,2011,67.13,SP.DYN.LE00.IN,IND,India,South Asia,Lower middle income,IBRD
441,2012,67.545,SP.DYN.LE00.IN,IND,India,South Asia,Lower middle income,IBRD
442,2013,67.931,SP.DYN.LE00.IN,IND,India,South Asia,Lower middle income,IBRD
443,2014,68.286,SP.DYN.LE00.IN,IND,India,South Asia,Lower middle income,IBRD
444,2015,68.607,SP.DYN.LE00.IN,IND,India,South Asia,Lower middle income,IBRD
445,2016,68.897,SP.DYN.LE00.IN,IND,India,South Asia,Lower middle income,IBRD
446,2017,69.165,SP.DYN.LE00.IN,IND,India,South Asia,Lower middle income,IBRD
447,2018,69.416,SP.DYN.LE00.IN,IND,India,South Asia,Lower middle income,IBRD
448,2019,69.656,SP.DYN.LE00.IN,IND,India,South Asia,Lower middle income,IBRD
449,2020,69.887,SP.DYN.LE00.IN,IND,India,South Asia,Lower middle income,IBRD
450,2009,68.853,SP.DYN.LE00.IN,IDN,Indonesia,East Asia & Pacific,Lower middle income,IBRD
451,2010,69.205,SP.DYN.LE00.IN,IDN,Indonesia,East Asia & Pacific,Lower middle income,IBRD
452,2011,69.542,SP.DYN.LE00.IN,IDN,Indonesia,East Asia & Pacific,Lower middle income,IBRD
453,2012,69.866,SP.DYN.LE00.IN,IDN,Indonesia,East Asia & Pacific,Lower middle income,IBRD
454,2013,70.179,SP.DYN.LE00.IN,IDN,Indonesia,East Asia & Pacific,Lower middle income,IBRD
455,2014,70.481,SP.DYN.LE00.IN,IDN,Indonesia,East Asia & Pacific,Lower middle income,IBRD
456,2015,70.768,SP.DYN.LE00.IN,IDN,Indonesia,East Asia & Pacific,Lower middle income,IBRD
457,2016,71.035,SP.DYN.LE00.IN,IDN,Indonesia,East Asia & Pacific,Lower middle income,IBRD
458,2017,71.282,SP.DYN.LE00.IN,IDN,Indonesia,East Asia & Pacific,Lower middle income,IBRD
459,2018,71.509,SP.DYN.LE00.IN,IDN,Indonesia,East Asia & Pacific,Lower middle income,IBRD
460,2019,71.716,SP.DYN.LE00.IN,IDN,Indonesia,East Asia & Pacific,Lower middle income,IBRD
461,2020,71.908,SP.DYN.LE00.IN,IDN,Indonesia,East Asia & Pacific,Lower middle income,IBRD
462,2009,64.969,SP.DYN.LE00.IN,PAK,Pakistan,South Asia,Lower middle income,Blend
463,2010,65.264,SP.DYN.LE00.IN,PAK,Pakistan,South Asia,Lower middle income,Blend
464,2011,65.562,SP.DYN.LE00.IN,PAK,Pakistan,South Asia,Lower middle income,Blend
465,2012,65.849,SP.DYN.LE00.IN,PAK,Pakistan,South Asia,Lower middle income,Blend
466,2013,66.117,SP.DYN.LE00.IN,PAK,Pakistan,South Asia,Lower middle income,Blend
467,2014,66.36,SP.DYN.LE00.IN,PAK,Pakistan,South Asia,Lower middle income,Blend
468,2015,66.577,SP.DYN.LE00.IN,PAK,Pakistan,South Asia,Lower middle income,Blend
469,2016,66.77,SP.DYN.LE00.IN,PAK,Pakistan,South Asia,Lower middle income,Blend
470,2017,66.947,SP.DYN.LE00.IN,PAK,Pakistan,South Asia,Lower middle income,Blend
471,2018,67.114,SP.DYN.LE00.IN,PAK,Pakistan,South Asia,Lower middle income,Blend
472,2019,67.273,SP.DYN.LE00.IN,PAK,Pakistan,South Asia,Lower middle income,Blend
473,2020,67.428,SP.DYN.LE00.IN,PAK,Pakistan,South Asia,Lower middle income,Blend
474,2009,68.6846341463,SP.DYN.LE00.IN,RUS,Russian Federation,Europe & Central Asia,Upper middle income,IBRD
475,2010,68.8412195122,SP.DYN.LE00.IN,RUS,Russian Federation,Europe & Central Asia,Upper middle income,IBRD
476,2011,69.683902439,SP.DYN.LE00.IN,RUS,Russian Federation,Europe & Central Asia,Upper middle income,IBRD
477,2012,70.072195122,SP.DYN.LE00.IN,RUS,Russian Federation,Europe & Central Asia,Upper middle income,IBRD
478,2013,70.5787804878,SP.DYN.LE00.IN,RUS,Russian Federation,Europe & Central Asia,Upper middle income,IBRD
479,2014,70.7436585366,SP.DYN.LE00.IN,RUS,Russian Federation,Europe & Central Asia,Upper middle income,IBRD
480,2015,71.1834146341,SP.DYN.LE00.IN,RUS,Russian Federation,Europe & Central Asia,Upper middle income,IBRD
481,2016,71.6512195122,SP.DYN.LE00.IN,RUS,Russian Federation,Europe & Central Asia,Upper middle income,IBRD
482,2017,72.4514634146,SP.DYN.LE00.IN,RUS,Russian Federation,Europe & Central Asia,Upper middle income,IBRD
483,2018,72.662195122,SP.DYN.LE00.IN,RUS,Russian Federation,Europe & Central Asia,Upper middle income,IBRD
484,2019,73.083902439,SP.DYN.LE00.IN,RUS,Russian Federation,Europe & Central Asia,Upper middle income,IBRD
485,2020,72.4963170732,SP.DYN.LE00.IN,RUS,Russian Federation,Europe & Central Asia,Upper middle income,IBRD
486,2009,56.46,SP.DYN.LE00.IN,ZAF,South Africa,Sub-Saharan Africa ,Upper middle income,IBRD
487,2010,57.669,SP.DYN.LE00.IN,ZAF,South Africa,Sub-Saharan Africa ,Upper middle income,IBRD
488,2011,58.895,SP.DYN.LE00.IN,ZAF,South Africa,Sub-Saharan Africa ,Upper middle income,IBRD
489,2012,60.06,SP.DYN.LE00.IN,ZAF,South Africa,Sub-Saharan Africa ,Upper middle income,IBRD
490,2013,61.099,SP.DYN.LE00.IN,ZAF,South Africa,Sub-Saharan Africa ,Upper middle income,IBRD
491,2014,61.968,SP.DYN.LE00.IN,ZAF,South Africa,Sub-Saharan Africa ,Upper middle income,IBRD
492,2015,62.649,SP.DYN.LE00.IN,ZAF,South Africa,Sub-Saharan Africa ,Upper middle income,IBRD
493,2016,63.153,SP.DYN.LE00.IN,ZAF,South Africa,Sub-Saharan Africa ,Upper middle income,IBRD
494,2017,63.538,SP.DYN.LE00.IN,ZAF,South Africa,Sub-Saharan Africa ,Upper middle income,IBRD
495,2018,63.857,SP.DYN.LE00.IN,ZAF,South Africa,Sub-Saharan Africa ,Upper middle income,IBRD
496,2019,64.131,SP.DYN.LE00.IN,ZAF,South Africa,Sub-Saharan Africa ,Upper middle income,IBRD
497,2020,64.379,SP.DYN.LE00.IN,ZAF,South Africa,Sub-Saharan Africa ,Upper middle income,IBRD
498,2009,74.745,SP.DYN.LE00.IN,VNM,Vietnam,East Asia & Pacific,Lower middle income,IBRD
499,2010,74.837,SP.DYN.LE00.IN,VNM,Vietnam,East Asia & Pacific,Lower middle income,IBRD
500,2011,74.904,SP.DYN.LE00.IN,VNM,Vietnam,East Asia & Pacific,Lower middle income,IBRD
501,2012,74.958,SP.DYN.LE00.IN,VNM,Vietnam,East Asia & Pacific,Lower middle income,IBRD
502,2013,75.006,SP.DYN.LE00.IN,VNM,Vietnam,East Asia & Pacific,Lower middle income,IBRD
503,2014,75.056,SP.DYN.LE00.IN,VNM,Vietnam,East Asia & Pacific,Lower middle income,IBRD
504,2015,75.11,SP.DYN.LE00.IN,VNM,Vietnam,East Asia & Pacific,Lower middle income,IBRD
505,2016,75.172,SP.DYN.LE00.IN,VNM,Vietnam,East Asia & Pacific,Lower middle income,IBRD
506,2017,75.241,SP.DYN.LE00.IN,VNM,Vietnam,East Asia & Pacific,Lower middle income,IBRD
507,2018,75.317,SP.DYN.LE00.IN,VNM,Vietnam,East Asia & Pacific,Lower middle income,IBRD
508,2019,75.4,SP.DYN.LE00.IN,VNM,Vietnam,East Asia & Pacific,Lower middle income,IBRD
509,2020,75.493,SP.DYN.LE00.IN,VNM,Vietnam,East Asia & Pacific,Lower middle income,IBRD
510,2009,145924795.0,SP.POP.TOTL,BGD,Bangladesh,South Asia,Lower middle income,IDA
511,2010,147575433.0,SP.POP.TOTL,BGD,Bangladesh,South Asia,Lower middle income,IDA
512,2011,149273134.0,SP.POP.TOTL,BGD,Bangladesh,South Asia,Lower middle income,IDA
513,2012,151005733.0,SP.POP.TOTL,BGD,Bangladesh,South Asia,Lower middle income,IDA
514,2013,152761413.0,SP.POP.TOTL,BGD,Bangladesh,South Asia,Lower middle income,IDA
515,2014,154517385.0,SP.POP.TOTL,BGD,Bangladesh,South Asia,Lower middle income,IDA
516,2015,156256287.0,SP.POP.TOTL,BGD,Bangladesh,South Asia,Lower middle income,IDA
517,2016,157977151.0,SP.POP.TOTL,BGD,Bangladesh,South Asia,Lower middle income,IDA
518,2017,159685421.0,SP.POP.TOTL,BGD,Bangladesh,South Asia,Lower middle income,IDA
519,2018,161376713.0,SP.POP.TOTL,BGD,Bangladesh,South Asia,Lower middle income,IDA
520,2019,163046173.0,SP.POP.TOTL,BGD,Bangladesh,South Asia,Lower middle income,IDA
521,2020,164689383.0,SP.POP.TOTL,BGD,Bangladesh,South Asia,Lower middle income,IDA
522,2009,193886505.0,SP.POP.TOTL,BRA,Brazil,Latin America & Caribbean ,Upper middle income,IBRD
523,2010,195713637.0,SP.POP.TOTL,BRA,Brazil,Latin America & Caribbean ,Upper middle income,IBRD
524,2011,197514541.0,SP.POP.TOTL,BRA,Brazil,Latin America & Caribbean ,Upper middle income,IBRD
525,2012,199287292.0,SP.POP.TOTL,BRA,Brazil,Latin America & Caribbean ,Upper middle income,IBRD
526,2013,201035904.0,SP.POP.TOTL,BRA,Brazil,Latin America & Caribbean ,Upper middle income,IBRD
527,2014,202763744.0,SP.POP.TOTL,BRA,Brazil,Latin America & Caribbean ,Upper middle income,IBRD
528,2015,204471759.0,SP.POP.TOTL,BRA,Brazil,Latin America & Caribbean ,Upper middle income,IBRD
529,2016,206163056.0,SP.POP.TOTL,BRA,Brazil,Latin America & Caribbean ,Upper middle income,IBRD
530,2017,207833825.0,SP.POP.TOTL,BRA,Brazil,Latin America & Caribbean ,Upper middle income,IBRD
531,2018,209469320.0,SP.POP.TOTL,BRA,Brazil,Latin America & Caribbean ,Upper middle income,IBRD
532,2019,211049519.0,SP.POP.TOTL,BRA,Brazil,Latin America & Caribbean ,Upper middle income,IBRD
533,2020,212559409.0,SP.POP.TOTL,BRA,Brazil,Latin America & Caribbean ,Upper middle income,IBRD
534,2009,1331260000.0,SP.POP.TOTL,CHN,China,East Asia & Pacific,Upper middle income,IBRD
535,2010,1337705000.0,SP.POP.TOTL,CHN,China,East Asia & Pacific,Upper middle income,IBRD
536,2011,1345035000.0,SP.POP.TOTL,CHN,China,East Asia & Pacific,Upper middle income,IBRD
537,2012,1354190000.0,SP.POP.TOTL,CHN,China,East Asia & Pacific,Upper middle income,IBRD
538,2013,1363240000.0,SP.POP.TOTL,CHN,China,East Asia & Pacific,Upper middle income,IBRD
539,2014,1371860000.0,SP.POP.TOTL,CHN,China,East Asia & Pacific,Upper middle income,IBRD
540,2015,1379860000.0,SP.POP.TOTL,CHN,China,East Asia & Pacific,Upper middle income,IBRD
541,2016,1387790000.0,SP.POP.TOTL,CHN,China,East Asia & Pacific,Upper middle income,IBRD
542,2017,1396215000.0,SP.POP.TOTL,CHN,China,East Asia & Pacific,Upper middle income,IBRD
543,2018,1402760000.0,SP.POP.TOTL,CHN,China,East Asia & Pacific,Upper middle income,IBRD
544,2019,1407745000.0,SP.POP.TOTL,CHN,China,East Asia & Pacific,Upper middle income,IBRD
545,2020,1410929362.0,SP.POP.TOTL,CHN,China,East Asia & Pacific,Upper middle income,IBRD
546,2009,1217726217.0,SP.POP.TOTL,IND,India,South Asia,Lower middle income,IBRD
547,2010,1234281163.0,SP.POP.TOTL,IND,India,South Asia,Lower middle income,IBRD
548,2011,1250287939.0,SP.POP.TOTL,IND,India,South Asia,Lower middle income,IBRD
549,2012,1265780243.0,SP.POP.TOTL,IND,India,South Asia,Lower middle income,IBRD
550,2013,1280842119.0,SP.POP.TOTL,IND,India,South Asia,Lower middle income,IBRD
551,2014,1295600768.0,SP.POP.TOTL,IND,India,South Asia,Lower middle income,IBRD
552,2015,1310152392.0,SP.POP.TOTL,IND,India,South Asia,Lower middle income,IBRD
553,2016,1324517250.0,SP.POP.TOTL,IND,India,South Asia,Lower middle income,IBRD
554,2017,1338676779.0,SP.POP.TOTL,IND,India,South Asia,Lower middle income,IBRD
555,2018,1352642283.0,SP.POP.TOTL,IND,India,South Asia,Lower middle income,IBRD
556,2019,1366417756.0,SP.POP.TOTL,IND,India,South Asia,Lower middle income,IBRD
557,2020,1380004385.0,SP.POP.TOTL,IND,India,South Asia,Lower middle income,IBRD
558,2009,238620554.0,SP.POP.TOTL,IDN,Indonesia,East Asia & Pacific,Lower middle income,IBRD
559,2010,241834226.0,SP.POP.TOTL,IDN,Indonesia,East Asia & Pacific,Lower middle income,IBRD
560,2011,245115988.0,SP.POP.TOTL,IDN,Indonesia,East Asia & Pacific,Lower middle income,IBRD
561,2012,248451714.0,SP.POP.TOTL,IDN,Indonesia,East Asia & Pacific,Lower middle income,IBRD
562,2013,251805314.0,SP.POP.TOTL,IDN,Indonesia,East Asia & Pacific,Lower middle income,IBRD
563,2014,255128076.0,SP.POP.TOTL,IDN,Indonesia,East Asia & Pacific,Lower middle income,IBRD
564,2015,258383257.0,SP.POP.TOTL,IDN,Indonesia,East Asia & Pacific,Lower middle income,IBRD
565,2016,261556386.0,SP.POP.TOTL,IDN,Indonesia,East Asia & Pacific,Lower middle income,IBRD
566,2017,264650969.0,SP.POP.TOTL,IDN,Indonesia,East Asia & Pacific,Lower middle income,IBRD
567,2018,267670549.0,SP.POP.TOTL,IDN,Indonesia,East Asia & Pacific,Lower middle income,IBRD
568,2019,270625567.0,SP.POP.TOTL,IDN,Indonesia,East Asia & Pacific,Lower middle income,IBRD
569,2020,273523621.0,SP.POP.TOTL,IDN,Indonesia,East Asia & Pacific,Lower middle income,IBRD
570,2009,175525610.0,SP.POP.TOTL,PAK,Pakistan,South Asia,Lower middle income,Blend
571,2010,179424643.0,SP.POP.TOTL,PAK,Pakistan,South Asia,Lower middle income,Blend
572,2011,183340168.0,SP.POP.TOTL,PAK,Pakistan,South Asia,Lower middle income,Blend
573,2012,187280125.0,SP.POP.TOTL,PAK,Pakistan,South Asia,Lower middle income,Blend
574,2013,191260799.0,SP.POP.TOTL,PAK,Pakistan,South Asia,Lower middle income,Blend
575,2014,195305012.0,SP.POP.TOTL,PAK,Pakistan,South Asia,Lower middle income,Blend
576,2015,199426953.0,SP.POP.TOTL,PAK,Pakistan,South Asia,Lower middle income,Blend
577,2016,203631356.0,SP.POP.TOTL,PAK,Pakistan,South Asia,Lower middle income,Blend
578,2017,207906210.0,SP.POP.TOTL,PAK,Pakistan,South Asia,Lower middle income,Blend
579,2018,212228288.0,SP.POP.TOTL,PAK,Pakistan,South Asia,Lower middle income,Blend
580,2019,216565317.0,SP.POP.TOTL,PAK,Pakistan,South Asia,Lower middle income,Blend
581,2020,220892331.0,SP.POP.TOTL,PAK,Pakistan,South Asia,Lower middle income,Blend
582,2009,142785349.0,SP.POP.TOTL,RUS,Russian Federation,Europe & Central Asia,Upper middle income,IBRD
583,2010,142849468.0,SP.POP.TOTL,RUS,Russian Federation,Europe & Central Asia,Upper middle income,IBRD
584,2011,142960908.0,SP.POP.TOTL,RUS,Russian Federation,Europe & Central Asia,Upper middle income,IBRD
585,2012,143201721.0,SP.POP.TOTL,RUS,Russian Federation,Europe & Central Asia,Upper middle income,IBRD
586,2013,143506995.0,SP.POP.TOTL,RUS,Russian Federation,Europe & Central Asia,Upper middle income,IBRD
587,2014,143819667.0,SP.POP.TOTL,RUS,Russian Federation,Europe & Central Asia,Upper middle income,IBRD
588,2015,144096870.0,SP.POP.TOTL,RUS,Russian Federation,Europe & Central Asia,Upper middle income,IBRD
589,2016,144342397.0,SP.POP.TOTL,RUS,Russian Federation,Europe & Central Asia,Upper middle income,IBRD
590,2017,144496739.0,SP.POP.TOTL,RUS,Russian Federation,Europe & Central Asia,Upper middle income,IBRD
591,2018,144477859.0,SP.POP.TOTL,RUS,Russian Federation,Europe & Central Asia,Upper middle income,IBRD
592,2019,144406261.0,SP.POP.TOTL,RUS,Russian Federation,Europe & Central Asia,Upper middle income,IBRD
593,2020,144104080.0,SP.POP.TOTL,RUS,Russian Federation,Europe & Central Asia,Upper middle income,IBRD
594,2009,50477013.0,SP.POP.TOTL,ZAF,South Africa,Sub-Saharan Africa ,Upper middle income,IBRD
595,2010,51216967.0,SP.POP.TOTL,ZAF,South Africa,Sub-Saharan Africa ,Upper middle income,IBRD
596,2011,52003759.0,SP.POP.TOTL,ZAF,South Africa,Sub-Saharan Africa ,Upper middle income,IBRD
597,2012,52832659.0,SP.POP.TOTL,ZAF,South Africa,Sub-Saharan Africa ,Upper middle income,IBRD
598,2013,53687125.0,SP.POP.TOTL,ZAF,South Africa,Sub-Saharan Africa ,Upper middle income,IBRD
599,2014,54544184.0,SP.POP.TOTL,ZAF,South Africa,Sub-Saharan Africa ,Upper middle income,IBRD
600,2015,55386369.0,SP.POP.TOTL,ZAF,South Africa,Sub-Saharan Africa ,Upper middle income,IBRD
601,2016,56207649.0,SP.POP.TOTL,ZAF,South Africa,Sub-Saharan Africa ,Upper middle income,IBRD
602,2017,57009751.0,SP.POP.TOTL,ZAF,South Africa,Sub-Saharan Africa ,Upper middle income,IBRD
603,2018,57792520.0,SP.POP.TOTL,ZAF,South Africa,Sub-Saharan Africa ,Upper middle income,IBRD
604,2019,58558267.0,SP.POP.TOTL,ZAF,South Africa,Sub-Saharan Africa ,Upper middle income,IBRD
605,2020,59308690.0,SP.POP.TOTL,ZAF,South Africa,Sub-Saharan Africa ,Upper middle income,IBRD
606,2009,87092250.0,SP.POP.TOTL,VNM,Vietnam,East Asia & Pacific,Lower middle income,IBRD
607,2010,87967655.0,SP.POP.TOTL,VNM,Vietnam,East Asia & Pacific,Lower middle income,IBRD
608,2011,88871384.0,SP.POP.TOTL,VNM,Vietnam,East Asia & Pacific,Lower middle income,IBRD
609,2012,89801926.0,SP.POP.TOTL,VNM,Vietnam,East Asia & Pacific,Lower middle income,IBRD
610,2013,90752593.0,SP.POP.TOTL,VNM,Vietnam,East Asia & Pacific,Lower middle income,IBRD
611,2014,91713850.0,SP.POP.TOTL,VNM,Vietnam,East Asia & Pacific,Lower middle income,IBRD
612,2015,92677082.0,SP.POP.TOTL,VNM,Vietnam,East Asia & Pacific,Lower middle income,IBRD
613,2016,93640435.0,SP.POP.TOTL,VNM,Vietnam,East Asia & Pacific,Lower middle income,IBRD
614,2017,94600643.0,SP.POP.TOTL,VNM,Vietnam,East Asia & Pacific,Lower middle income,IBRD
615,2018,95545959.0,SP.POP.TOTL,VNM,Vietnam,East Asia & Pacific,Lower middle income,IBRD
616,2019,96462108.0,SP.POP.TOTL,VNM,Vietnam,East Asia & Pacific,Lower middle income,IBRD
617,2020,97338583.0,SP.POP.TOTL,VNM,Vietnam,East Asia & Pacific,Lower middle income,IBRD
618,2012,61.6964064712,2.0.hoi.FPS,BRA,Brazil,Latin America & Caribbean ,Upper middle income,IBRD
619,2014,65.1262935163,2.0.hoi.FPS,BRA,Brazil,Latin America & Caribbean ,Upper middle income,IBRD
620,2010,31.88,BAR.NOED.15UP.ZS,BGD,Bangladesh,South Asia,Lower middle income,IDA
621,2010,9.6,BAR.NOED.15UP.ZS,BRA,Brazil,Latin America & Caribbean ,Upper middle income,IBRD
622,2010,5.35,BAR.NOED.15UP.ZS,CHN,China,East Asia & Pacific,Upper middle income,IBRD
623,2010,33.16,BAR.NOED.15UP.ZS,IND,India,South Asia,Lower middle income,IBRD
624,2010,7.5,BAR.NOED.15UP.ZS,IDN,Indonesia,East Asia & Pacific,Lower middle income,IBRD
625,2010,45.38,BAR.NOED.15UP.ZS,PAK,Pakistan,South Asia,Lower middle income,Blend
626,2010,0.89,BAR.NOED.15UP.ZS,RUS,Russian Federation,Europe & Central Asia,Upper middle income,IBRD
627,2010,5.65,BAR.NOED.15UP.ZS,ZAF,South Africa,Sub-Saharan Africa ,Upper middle income,IBRD
628,2010,15.2,BAR.NOED.15UP.ZS,VNM,Vietnam,East Asia & Pacific,Lower middle income,IBRD
629,2009,40.092796223,NE.TRD.GNFS.ZS,BGD,Bangladesh,South Asia,Lower middle income,IDA
630,2010,37.8028426708,NE.TRD.GNFS.ZS,BGD,Bangladesh,South Asia,Lower middle income,IDA
631,2011,47.4208498357,NE.TRD.GNFS.ZS,BGD,Bangladesh,South Asia,Lower middle income,IDA
632,2012,48.1109227477,NE.TRD.GNFS.ZS,BGD,Bangladesh,South Asia,Lower middle income,IDA
633,2013,46.296402724000004,NE.TRD.GNFS.ZS,BGD,Bangladesh,South Asia,Lower middle income,IDA
634,2014,44.5140801968,NE.TRD.GNFS.ZS,BGD,Bangladesh,South Asia,Lower middle income,IDA
635,2015,42.085996307,NE.TRD.GNFS.ZS,BGD,Bangladesh,South Asia,Lower middle income,IDA
636,2016,37.954296353,NE.TRD.GNFS.ZS,BGD,Bangladesh,South Asia,Lower middle income,IDA
637,2017,35.3040000907,NE.TRD.GNFS.ZS,BGD,Bangladesh,South Asia,Lower middle income,IDA
638,2018,38.2448929879,NE.TRD.GNFS.ZS,BGD,Bangladesh,South Asia,Lower middle income,IDA
639,2019,36.759299749,NE.TRD.GNFS.ZS,BGD,Bangladesh,South Asia,Lower middle income,IDA
640,2020,30.5194652537,NE.TRD.GNFS.ZS,BGD,Bangladesh,South Asia,Lower middle income,IDA
641,2009,22.1059755206,NE.TRD.GNFS.ZS,BRA,Brazil,Latin America & Caribbean ,Upper middle income,IBRD
642,2010,22.772178112,NE.TRD.GNFS.ZS,BRA,Brazil,Latin America & Caribbean ,Upper middle income,IBRD
643,2011,23.9344051776,NE.TRD.GNFS.ZS,BRA,Brazil,Latin America & Caribbean ,Upper middle income,IBRD
644,2012,25.1142736087,NE.TRD.GNFS.ZS,BRA,Brazil,Latin America & Caribbean ,Upper middle income,IBRD
645,2013,25.7859573237,NE.TRD.GNFS.ZS,BRA,Brazil,Latin America & Caribbean ,Upper middle income,IBRD
646,2014,24.6854058166,NE.TRD.GNFS.ZS,BRA,Brazil,Latin America & Caribbean ,Upper middle income,IBRD
647,2015,26.9536259377,NE.TRD.GNFS.ZS,BRA,Brazil,Latin America & Caribbean ,Upper middle income,IBRD
648,2016,24.5336820788,NE.TRD.GNFS.ZS,BRA,Brazil,Latin America & Caribbean ,Upper middle income,IBRD
649,2017,24.3197343732,NE.TRD.GNFS.ZS,BRA,Brazil,Latin America & Caribbean ,Upper middle income,IBRD
650,2018,28.8762033774,NE.TRD.GNFS.ZS,BRA,Brazil,Latin America & Caribbean ,Upper middle income,IBRD
651,2019,28.4559373152,NE.TRD.GNFS.ZS,BRA,Brazil,Latin America & Caribbean ,Upper middle income,IBRD
652,2020,32.3542958799,NE.TRD.GNFS.ZS,BRA,Brazil,Latin America & Caribbean ,Upper middle income,IBRD
653,2009,45.1848703786,NE.TRD.GNFS.ZS,CHN,China,East Asia & Pacific,Upper middle income,IBRD
654,2010,50.7170776627,NE.TRD.GNFS.ZS,CHN,China,East Asia & Pacific,Upper middle income,IBRD
655,2011,50.7409045864,NE.TRD.GNFS.ZS,CHN,China,East Asia & Pacific,Upper middle income,IBRD
656,2012,48.2675223674,NE.TRD.GNFS.ZS,CHN,China,East Asia & Pacific,Upper middle income,IBRD
657,2013,46.7443755774,NE.TRD.GNFS.ZS,CHN,China,East Asia & Pacific,Upper middle income,IBRD
658,2014,44.9052159543,NE.TRD.GNFS.ZS,CHN,China,East Asia & Pacific,Upper middle income,IBRD
659,2015,39.4641693353,NE.TRD.GNFS.ZS,CHN,China,East Asia & Pacific,Upper middle income,IBRD
660,2016,36.8944150168,NE.TRD.GNFS.ZS,CHN,China,East Asia & Pacific,Upper middle income,IBRD
661,2017,37.6324132404,NE.TRD.GNFS.ZS,CHN,China,East Asia & Pacific,Upper middle income,IBRD
662,2018,37.5657841021,NE.TRD.GNFS.ZS,CHN,China,East Asia & Pacific,Upper middle income,IBRD
663,2019,35.8900961176,NE.TRD.GNFS.ZS,CHN,China,East Asia & Pacific,Upper middle income,IBRD
664,2020,34.506887858,NE.TRD.GNFS.ZS,CHN,China,East Asia & Pacific,Upper middle income,IBRD
665,2009,46.2728696431,NE.TRD.GNFS.ZS,IND,India,South Asia,Lower middle income,IBRD
666,2010,49.2552064975,NE.TRD.GNFS.ZS,IND,India,South Asia,Lower middle income,IBRD
667,2011,55.6238800135,NE.TRD.GNFS.ZS,IND,India,South Asia,Lower middle income,IBRD
668,2012,55.7937217288,NE.TRD.GNFS.ZS,IND,India,South Asia,Lower middle income,IBRD
669,2013,53.8441319467,NE.TRD.GNFS.ZS,IND,India,South Asia,Lower middle income,IBRD
670,2014,48.9221857471,NE.TRD.GNFS.ZS,IND,India,South Asia,Lower middle income,IBRD
671,2015,41.9229138659,NE.TRD.GNFS.ZS,IND,India,South Asia,Lower middle income,IBRD
672,2016,40.0824857133,NE.TRD.GNFS.ZS,IND,India,South Asia,Lower middle income,IBRD
673,2017,40.7424969545,NE.TRD.GNFS.ZS,IND,India,South Asia,Lower middle income,IBRD
674,2018,43.5986571563,NE.TRD.GNFS.ZS,IND,India,South Asia,Lower middle income,IBRD
675,2019,39.3867710425,NE.TRD.GNFS.ZS,IND,India,South Asia,Lower middle income,IBRD
676,2020,37.8709979063,NE.TRD.GNFS.ZS,IND,India,South Asia,Lower middle income,IBRD
677,2009,45.5121213687,NE.TRD.GNFS.ZS,IDN,Indonesia,East Asia & Pacific,Lower middle income,IBRD
678,2010,46.7012738759,NE.TRD.GNFS.ZS,IDN,Indonesia,East Asia & Pacific,Lower middle income,IBRD
679,2011,50.1800131841,NE.TRD.GNFS.ZS,IDN,Indonesia,East Asia & Pacific,Lower middle income,IBRD
680,2012,49.5828982993,NE.TRD.GNFS.ZS,IDN,Indonesia,East Asia & Pacific,Lower middle income,IBRD
681,2013,48.6373726753,NE.TRD.GNFS.ZS,IDN,Indonesia,East Asia & Pacific,Lower middle income,IBRD
682,2014,48.0801755855,NE.TRD.GNFS.ZS,IDN,Indonesia,East Asia & Pacific,Lower middle income,IBRD
683,2015,41.9376402415,NE.TRD.GNFS.ZS,IDN,Indonesia,East Asia & Pacific,Lower middle income,IBRD
684,2016,37.4213418023,NE.TRD.GNFS.ZS,IDN,Indonesia,East Asia & Pacific,Lower middle income,IBRD
685,2017,39.3554970705,NE.TRD.GNFS.ZS,IDN,Indonesia,East Asia & Pacific,Lower middle income,IBRD
686,2018,43.0743089552,NE.TRD.GNFS.ZS,IDN,Indonesia,East Asia & Pacific,Lower middle income,IBRD
687,2019,37.4487792904,NE.TRD.GNFS.ZS,IDN,Indonesia,East Asia & Pacific,Lower middle income,IBRD
688,2020,33.1905886523,NE.TRD.GNFS.ZS,IDN,Indonesia,East Asia & Pacific,Lower middle income,IBRD
689,2009,32.0718482615,NE.TRD.GNFS.ZS,PAK,Pakistan,South Asia,Lower middle income,Blend
690,2010,32.8689265807,NE.TRD.GNFS.ZS,PAK,Pakistan,South Asia,Lower middle income,Blend
691,2011,32.9399051456,NE.TRD.GNFS.ZS,PAK,Pakistan,South Asia,Lower middle income,Blend
692,2012,32.8055022074,NE.TRD.GNFS.ZS,PAK,Pakistan,South Asia,Lower middle income,Blend
693,2013,33.3335986818,NE.TRD.GNFS.ZS,PAK,Pakistan,South Asia,Lower middle income,Blend
694,2014,30.9012446161,NE.TRD.GNFS.ZS,PAK,Pakistan,South Asia,Lower middle income,Blend
695,2015,27.6546725178,NE.TRD.GNFS.ZS,PAK,Pakistan,South Asia,Lower middle income,Blend
696,2016,25.3062315101,NE.TRD.GNFS.ZS,PAK,Pakistan,South Asia,Lower middle income,Blend
697,2017,25.8528368532,NE.TRD.GNFS.ZS,PAK,Pakistan,South Asia,Lower middle income,Blend
698,2018,29.043321843,NE.TRD.GNFS.ZS,PAK,Pakistan,South Asia,Lower middle income,Blend
699,2019,30.3471627227,NE.TRD.GNFS.ZS,PAK,Pakistan,South Asia,Lower middle income,Blend
700,2020,27.4786154098,NE.TRD.GNFS.ZS,PAK,Pakistan,South Asia,Lower middle income,Blend
701,2009,48.4350610281,NE.TRD.GNFS.ZS,RUS,Russian Federation,Europe & Central Asia,Upper middle income,IBRD
702,2010,50.3555054874,NE.TRD.GNFS.ZS,RUS,Russian Federation,Europe & Central Asia,Upper middle income,IBRD
703,2011,48.0353994078,NE.TRD.GNFS.ZS,RUS,Russian Federation,Europe & Central Asia,Upper middle income,IBRD
704,2012,47.1513903858,NE.TRD.GNFS.ZS,RUS,Russian Federation,Europe & Central Asia,Upper middle income,IBRD
705,2013,46.2871494005,NE.TRD.GNFS.ZS,RUS,Russian Federation,Europe & Central Asia,Upper middle income,IBRD
706,2014,47.8013412628,NE.TRD.GNFS.ZS,RUS,Russian Federation,Europe & Central Asia,Upper middle income,IBRD
707,2015,49.3593493117,NE.TRD.GNFS.ZS,RUS,Russian Federation,Europe & Central Asia,Upper middle income,IBRD
708,2016,46.5181198396,NE.TRD.GNFS.ZS,RUS,Russian Federation,Europe & Central Asia,Upper middle income,IBRD
709,2017,46.8765243371,NE.TRD.GNFS.ZS,RUS,Russian Federation,Europe & Central Asia,Upper middle income,IBRD
710,2018,51.580924661,NE.TRD.GNFS.ZS,RUS,Russian Federation,Europe & Central Asia,Upper middle income,IBRD
711,2019,49.4443796531,NE.TRD.GNFS.ZS,RUS,Russian Federation,Europe & Central Asia,Upper middle income,IBRD
712,2020,46.0830800914,NE.TRD.GNFS.ZS,RUS,Russian Federation,Europe & Central Asia,Upper middle income,IBRD
713,2009,49.5875353279,NE.TRD.GNFS.ZS,ZAF,South Africa,Sub-Saharan Africa ,Upper middle income,IBRD
714,2010,50.4060871626,NE.TRD.GNFS.ZS,ZAF,South Africa,Sub-Saharan Africa ,Upper middle income,IBRD
715,2011,54.6363504359,NE.TRD.GNFS.ZS,ZAF,South Africa,Sub-Saharan Africa ,Upper middle income,IBRD
716,2012,55.5826171933,NE.TRD.GNFS.ZS,ZAF,South Africa,Sub-Saharan Africa ,Upper middle income,IBRD
717,2013,58.8750276301,NE.TRD.GNFS.ZS,ZAF,South Africa,Sub-Saharan Africa ,Upper middle income,IBRD
718,2014,59.4995740551,NE.TRD.GNFS.ZS,ZAF,South Africa,Sub-Saharan Africa ,Upper middle income,IBRD
719,2015,56.7266761447,NE.TRD.GNFS.ZS,ZAF,South Africa,Sub-Saharan Africa ,Upper middle income,IBRD
720,2016,55.8612575049,NE.TRD.GNFS.ZS,ZAF,South Africa,Sub-Saharan Africa ,Upper middle income,IBRD
721,2017,53.5359318294,NE.TRD.GNFS.ZS,ZAF,South Africa,Sub-Saharan Africa ,Upper middle income,IBRD
722,2018,54.5075835751,NE.TRD.GNFS.ZS,ZAF,South Africa,Sub-Saharan Africa ,Upper middle income,IBRD
723,2019,54.1502462507,NE.TRD.GNFS.ZS,ZAF,South Africa,Sub-Saharan Africa ,Upper middle income,IBRD
724,2020,51.1268459418,NE.TRD.GNFS.ZS,ZAF,South Africa,Sub-Saharan Africa ,Upper middle income,IBRD
725,2009,134.7063177218,NE.TRD.GNFS.ZS,VNM,Vietnam,East Asia & Pacific,Lower middle income,IBRD
726,2010,152.2173685762,NE.TRD.GNFS.ZS,VNM,Vietnam,East Asia & Pacific,Lower middle income,IBRD
727,2011,162.9145502684,NE.TRD.GNFS.ZS,VNM,Vietnam,East Asia & Pacific,Lower middle income,IBRD
728,2012,156.5539303246,NE.TRD.GNFS.ZS,VNM,Vietnam,East Asia & Pacific,Lower middle income,IBRD
729,2013,165.0942369726,NE.TRD.GNFS.ZS,VNM,Vietnam,East Asia & Pacific,Lower middle income,IBRD
730,2014,169.534513197,NE.TRD.GNFS.ZS,VNM,Vietnam,East Asia & Pacific,Lower middle income,IBRD
731,2015,178.7674147158,NE.TRD.GNFS.ZS,VNM,Vietnam,East Asia & Pacific,Lower middle income,IBRD
732,2016,184.6862783114,NE.TRD.GNFS.ZS,VNM,Vietnam,East Asia & Pacific,Lower middle income,IBRD
733,2017,200.3845804264,NE.TRD.GNFS.ZS,VNM,Vietnam,East Asia & Pacific,Lower middle income,IBRD
734,2018,208.3066658583,NE.TRD.GNFS.ZS,VNM,Vietnam,East Asia & Pacific,Lower middle income,IBRD
735,2019,211.4998174695,NE.TRD.GNFS.ZS,VNM,Vietnam,East Asia & Pacific,Lower middle income,IBRD
736,2020,208.2540764594,NE.TRD.GNFS.ZS,VNM,Vietnam,East Asia & Pacific,Lower middle income,IBRD
737,2009,-0.2359780967,6.0.GDP_growth,BRA,Brazil,Latin America & Caribbean ,Upper middle income,IBRD
738,2010,7.5720672607,6.0.GDP_growth,BRA,Brazil,Latin America & Caribbean ,Upper middle income,IBRD
739,2011,3.9163820744,6.0.GDP_growth,BRA,Brazil,Latin America & Caribbean ,Upper middle income,IBRD
740,2012,1.762488842,6.0.GDP_growth,BRA,Brazil,Latin America & Caribbean ,Upper middle income,IBRD
741,2013,2.7436966896,6.0.GDP_growth,BRA,Brazil,Latin America & Caribbean ,Upper middle income,IBRD
742,2014,0.1447073519,6.0.GDP_growth,BRA,Brazil,Latin America & Caribbean ,Upper middle income,IBRD
743,2009,44.54712,SE.PRE.PRIV.ZS,BGD,Bangladesh,South Asia,Lower middle income,IDA
744,2010,48.47628,SE.PRE.PRIV.ZS,BGD,Bangladesh,South Asia,Lower middle income,IDA
745,2011,48.94053,SE.PRE.PRIV.ZS,BGD,Bangladesh,South Asia,Lower middle income,IDA
746,2013,35.56525,SE.PRE.PRIV.ZS,BGD,Bangladesh,South Asia,Lower middle income,IDA
747,2015,40.95328,SE.PRE.PRIV.ZS,BGD,Bangladesh,South Asia,Lower middle income,IDA
748,2016,41.83021,SE.PRE.PRIV.ZS,BGD,Bangladesh,South Asia,Lower middle income,IDA
749,2017,48.51579,SE.PRE.PRIV.ZS,BGD,Bangladesh,South Asia,Lower middle income,IDA
750,2018,52.48087,SE.PRE.PRIV.ZS,BGD,Bangladesh,South Asia,Lower middle income,IDA
751,2013,25.14736,SE.PRE.PRIV.ZS,BRA,Brazil,Latin America & Caribbean ,Upper middle income,IBRD
752,2014,25.47009,SE.PRE.PRIV.ZS,BRA,Brazil,Latin America & Caribbean ,Upper middle income,IBRD
753,2015,25.09302,SE.PRE.PRIV.ZS,BRA,Brazil,Latin America & Caribbean ,Upper middle income,IBRD
754,2016,24.34551,SE.PRE.PRIV.ZS,BRA,Brazil,Latin America & Caribbean ,Upper middle income,IBRD
755,2017,23.17248,SE.PRE.PRIV.ZS,BRA,Brazil,Latin America & Caribbean ,Upper middle income,IBRD
756,2018,23.03214,SE.PRE.PRIV.ZS,BRA,Brazil,Latin America & Caribbean ,Upper middle income,IBRD
757,2009,39.67877,SE.PRE.PRIV.ZS,CHN,China,East Asia & Pacific,Upper middle income,IBRD
758,2010,42.67301,SE.PRE.PRIV.ZS,CHN,China,East Asia & Pacific,Upper middle income,IBRD
759,2011,47.0146,SE.PRE.PRIV.ZS,CHN,China,East Asia & Pacific,Upper middle income,IBRD
760,2012,49.47396,SE.PRE.PRIV.ZS,CHN,China,East Asia & Pacific,Upper middle income,IBRD
761,2013,50.2676,SE.PRE.PRIV.ZS,CHN,China,East Asia & Pacific,Upper middle income,IBRD
762,2014,51.10172,SE.PRE.PRIV.ZS,CHN,China,East Asia & Pacific,Upper middle income,IBRD
763,2015,52.46921,SE.PRE.PRIV.ZS,CHN,China,East Asia & Pacific,Upper middle income,IBRD
764,2016,53.98677,SE.PRE.PRIV.ZS,CHN,China,East Asia & Pacific,Upper middle income,IBRD
765,2017,55.22733,SE.PRE.PRIV.ZS,CHN,China,East Asia & Pacific,Upper middle income,IBRD
766,2018,55.91882,SE.PRE.PRIV.ZS,CHN,China,East Asia & Pacific,Upper middle income,IBRD
767,2019,56.69583,SE.PRE.PRIV.ZS,CHN,China,East Asia & Pacific,Upper middle income,IBRD
768,2017,17.5831,SE.PRE.PRIV.ZS,IND,India,South Asia,Lower middle income,IBRD
769,2018,19.12796,SE.PRE.PRIV.ZS,IND,India,South Asia,Lower middle income,IBRD
770,2019,21.71782,SE.PRE.PRIV.ZS,IND,India,South Asia,Lower middle income,IBRD
771,2009,98.48952,SE.PRE.PRIV.ZS,IDN,Indonesia,East Asia & Pacific,Lower middle income,IBRD
772,2010,97.48772,SE.PRE.PRIV.ZS,IDN,Indonesia,East Asia & Pacific,Lower middle income,IBRD
773,2011,97.32288,SE.PRE.PRIV.ZS,IDN,Indonesia,East Asia & Pacific,Lower middle income,IBRD
774,2012,97.19819,SE.PRE.PRIV.ZS,IDN,Indonesia,East Asia & Pacific,Lower middle income,IBRD
775,2014,96.78032,SE.PRE.PRIV.ZS,IDN,Indonesia,East Asia & Pacific,Lower middle income,IBRD
776,2016,94.58172,SE.PRE.PRIV.ZS,IDN,Indonesia,East Asia & Pacific,Lower middle income,IBRD
777,2017,94.61923,SE.PRE.PRIV.ZS,IDN,Indonesia,East Asia & Pacific,Lower middle income,IBRD
778,2018,94.61923,SE.PRE.PRIV.ZS,IDN,Indonesia,East Asia & Pacific,Lower middle income,IBRD
779,2014,34.15911,SE.PRE.PRIV.ZS,PAK,Pakistan,South Asia,Lower middle income,Blend
780,2015,37.45962,SE.PRE.PRIV.ZS,PAK,Pakistan,South Asia,Lower middle income,Blend
781,2016,38.42874,SE.PRE.PRIV.ZS,PAK,Pakistan,South Asia,Lower middle income,Blend
782,2017,34.7438,SE.PRE.PRIV.ZS,PAK,Pakistan,South Asia,Lower middle income,Blend
783,2018,38.35018,SE.PRE.PRIV.ZS,PAK,Pakistan,South Asia,Lower middle income,Blend
784,2019,40.05422,SE.PRE.PRIV.ZS,PAK,Pakistan,South Asia,Lower middle income,Blend
785,2015,1.44752,SE.PRE.PRIV.ZS,RUS,Russian Federation,Europe & Central Asia,Upper middle income,IBRD
786,2016,1.4457,SE.PRE.PRIV.ZS,RUS,Russian Federation,Europe & Central Asia,Upper middle income,IBRD
787,2017,1.47873,SE.PRE.PRIV.ZS,RUS,Russian Federation,Europe & Central Asia,Upper middle income,IBRD
788,2018,1.5708600000000001,SE.PRE.PRIV.ZS,RUS,Russian Federation,Europe & Central Asia,Upper middle income,IBRD
789,2009,5.2583400000000005,SE.PRE.PRIV.ZS,ZAF,South Africa,Sub-Saharan Africa ,Upper middle income,IBRD
790,2010,5.82277,SE.PRE.PRIV.ZS,ZAF,South Africa,Sub-Saharan Africa ,Upper middle income,IBRD
791,2011,6.38362,SE.PRE.PRIV.ZS,ZAF,South Africa,Sub-Saharan Africa ,Upper middle income,IBRD
792,2012,6.09963,SE.PRE.PRIV.ZS,ZAF,South Africa,Sub-Saharan Africa ,Upper middle income,IBRD
793,2013,6.14065,SE.PRE.PRIV.ZS,ZAF,South Africa,Sub-Saharan Africa ,Upper middle income,IBRD
794,2014,6.25073,SE.PRE.PRIV.ZS,ZAF,South Africa,Sub-Saharan Africa ,Upper middle income,IBRD
795,2015,6.99644,SE.PRE.PRIV.ZS,ZAF,South Africa,Sub-Saharan Africa ,Upper middle income,IBRD
796,2016,6.72771,SE.PRE.PRIV.ZS,ZAF,South Africa,Sub-Saharan Africa ,Upper middle income,IBRD
797,2017,5.64687,SE.PRE.PRIV.ZS,ZAF,South Africa,Sub-Saharan Africa ,Upper middle income,IBRD
798,2018,5.53746,SE.PRE.PRIV.ZS,ZAF,South Africa,Sub-Saharan Africa ,Upper middle income,IBRD
799,2009,48.12755,SE.PRE.PRIV.ZS,VNM,Vietnam,East Asia & Pacific,Lower middle income,IBRD
800,2010,44.52662,SE.PRE.PRIV.ZS,VNM,Vietnam,East Asia & Pacific,Lower middle income,IBRD
801,2011,32.83496,SE.PRE.PRIV.ZS,VNM,Vietnam,East Asia & Pacific,Lower middle income,IBRD
802,2012,20.83574,SE.PRE.PRIV.ZS,VNM,Vietnam,East Asia & Pacific,Lower middle income,IBRD
803,2013,14.18593,SE.PRE.PRIV.ZS,VNM,Vietnam,East Asia & Pacific,Lower middle income,IBRD
804,2014,11.83374,SE.PRE.PRIV.ZS,VNM,Vietnam,East Asia & Pacific,Lower middle income,IBRD
805,2015,12.64632,SE.PRE.PRIV.ZS,VNM,Vietnam,East Asia & Pacific,Lower middle income,IBRD
806,2016,12.76964,SE.PRE.PRIV.ZS,VNM,Vietnam,East Asia & Pacific,Lower middle income,IBRD
807,2017,14.46769,SE.PRE.PRIV.ZS,VNM,Vietnam,East Asia & Pacific,Lower middle income,IBRD
808,2018,16.17584,SE.PRE.PRIV.ZS,VNM,Vietnam,East Asia & Pacific,Lower middle income,IBRD
809,2019,15.99003,SE.PRE.PRIV.ZS,VNM,Vietnam,East Asia & Pacific,Lower middle income,IBRD
